{"stats":{"minecraft:killed_by":{"minecraft:zombie":1},"minecraft:crafted":{"minecraft:black_dye":1,"minecraft:smooth_stone":3,"minecraft:oak_planks":68,"butcher:hammer":1,"minecraft:cooked_chicken":5,"minecraft:chain":5,"regions_unexplored:larch_planks":112,"minecraft:stone":20,"minecraft:cooked_mutton":1,"minecraft:iron_bars":16,"butcher:ham":20,"minecraft:glass":22,"vanillaplustools:iron_hammer":1,"minecraft:repeater":1,"minecraft:diamond_helmet":1,"minecraft:diamond_leggings":1,"minecraft:iron_boots":3,"minecraft:chest":28,"minecraft:stone_hoe":1,"minecraft:stone_bricks":10,"minecraft:dropper":3,"minecraft:cooked_porkchop":75,"minecraft:crafting_table":5,"minecraft:spruce_planks":76,"minecraft:wooden_pickaxe":1,"travelersbackpack:standard":3,"minecraft:iron_helmet":3,"butcher:skinning_knife":1,"biomesoplenty:fir_planks":302,"minecraft:dispenser":3,"minecraft:iron_chestplate":3,"minecraft:diamond_pickaxe":1,"naturescompass:naturescompass":1,"minecraft:stick":172,"minecraft:iron_ingot":103,"minecraft:iron_pickaxe":13,"minecraft:stone_sword":1,"minecraft:gold_ingot":21,"butcher:butchers_knife":2,"travelersbackpack:cow":1,"minecraft:spruce_fence_gate":1,"butcher:bloodgrate":5,"minecraft:leather_boots":1,"minecraft:iron_nugget":99,"minecraft:furnace":2,"minecraft:blast_furnace":1,"minecraft:spruce_fence":24,"butcher:pork_loin":20,"travelersbackpack:white_sleeping_bag":2,"butcher:pork_leg":20,"minecraft:iron_axe":2,"minecraft:iron_hoe":1,"minecraft:stone_pickaxe":1,"minecraft:diamond_boots":1,"minecraft:spruce_boat":1,"minecraft:observer":2,"minecraft:cooked_beef":3,"minecraft:coal_block":9,"biomesoplenty:fir_boat":2,"travelersbackpack:backpack_tank":4,"spelunkery:rough_diamond":3,"minecraft:bucket":1,"minecraft:stone_axe":2,"minecraft:air":0,"butcher:pork_belly":20,"minecraft:oak_boat":1,"biomesoplenty:fir_fence":21,"butcher:hook":5,"minecraft:wooden_axe":1,"minecraft:iron_leggings":4,"minecraft:white_bed":2,"butcher:pork_shoulder":20,"minecraft:torch":402,"biomesoplenty:fir_fence_gate":1,"minecraft:diamond_chestplate":1},"minecraft:broken":{"minecraft:iron_chestplate":1,"minecraft:iron_leggings":1,"minecraft:stone_axe":1,"minecraft:iron_sword":1,"minecraft:wooden_axe":1,"mores:cobalt_boots":1,"minecraft:iron_axe":1,"minecraft:leather_boots":1,"minecraft:iron_pickaxe":3,"minecraft:iron_helmet":2},"minecraft:dropped":{"minecraft:porkchop":5,"minecraft:brown_mushroom":1,"minecraft:oak_log":1,"untamedwilds:material_fat":1,"travelersbackpack:standard":2,"minecraft:bone_meal":1,"spartanweaponry:iron_dagger":1,"minecraft:white_wool":1,"spartanweaponry:iron_heavy_crossbow":1,"minecraft:cobbled_deepslate":64,"minecraft:birch_sapling":1,"minecraft:rotten_flesh":12,"minecraft:oak_planks":26,"simplefarming:cassava_seeds":1,"minecraft:cooked_mutton":2,"mores:sterling_leggings":1,"regions_unexplored:peat_dirt":1,"simplyswords:diamond_katana":2,"minecraft:leather_boots":1,"minecraft:beef":4,"iceandfire:manuscript":1,"regions_unexplored:blackwood_log":2,"minecraft:stripped_spruce_log":1,"minecraft:wheat_seeds":6,"minecraft:cobbled_deepslate_stairs":2,"butcher:butchers_knife":1,"minecraft:cobblestone":1,"minecraft:coal":2,"minecraft:gray_wool":1,"born_in_chaos_v1:black_argillite":1,"minecraft:milk_bucket":1,"tombstone:grave_key":1,"born_in_chaos_v1:fused_bone":4,"minecraft:bucket":1,"minecraft:dandelion":1,"simplefarming:tomato_seeds":1,"minecraft:kelp":41,"minecraft:coarse_dirt":2,"minecraft:stone_bricks":1,"minecraft:purple_candle":1},"minecraft:picked_up":{"minecraft:wheat":25,"minecraft:flower_pot":1,"minecraft:oak_stairs":1,"butcher:raw_pork_shoulder":24,"croptopia:calamari":2,"tombstone:grave_key":1,"born_in_chaos_v1:black_argillite":1,"minecraft:string":18,"iter_rpg:etherbloom":1,"minecraft:sticky_piston":3,"minecraft:beetroot":1,"minecraft:gold_nugget":192,"minecraft:cobbled_deepslate":842,"biomesoplenty:fir_planks":81,"minecraft:bucket":2,"minecraft:spruce_planks":2,"regions_unexplored:larch_log":16,"born_in_chaos_v1:stimulating_decoction":2,"regions_unexplored:blackwood_log":2,"minecraft:furnace":3,"minecraft:tipped_arrow":8,"minecraft:stick":36,"born_in_chaos_v1:shattered_skull":1,"minecraft:torch":18,"iceandfire:dragonscales_white":4,"minecraft:porkchop":47,"simplefarming:raspberries":3,"mores:topaz_gem":3,"tombstone:grave_dust":14,"butcher:raw_pork_leg":24,"mores:raw_tin":5,"biomesoplenty:fir_fence_gate":1,"quark:clear_shard":2,"minecraft:rotten_flesh":76,"crystalcraft_unlimited_java:amazonite":2,"butcher:raw_pork_belly":24,"minecraft:obsidian":34,"minecraft:iron_bars":3,"minecraft:cobblestone":690,"born_in_chaos_v1:staffof_magic_arrows":1,"minecraft:magma_block":1,"minecraft:repeater":1,"butcher:pig_corpse_item":24,"minecraft:jungle_log":2,"spartanweaponry:iron_battleaxe":1,"butcher:villager_head":1,"minecraft:potato":96,"biomesoplenty:fir_sapling":12,"biomesoplenty:fir_log":188,"minecraft:tuff":27,"minecraft:dirt":104,"crystalcraft_unlimited_java:grandidierite":1,"minecraft:polished_granite":2,"spartanweaponry:iron_rapier":1,"minecraft:bone":80,"minecraft:bow":1,"minecraft:stonecutter":1,"minecraft:wheat_seeds":115,"biomesoplenty:fir_boat":16,"minecraft:raw_gold":24,"regions_unexplored:pink_bioshroom":2,"simplefarming:tomato_seeds":2,"minecraft:glowstone_dust":2,"minecraft:oak_planks":32,"spelunkery:rough_diamond_shard":37,"simplefarming:peanut_seeds":2,"regions_unexplored:tall_blue_bioshroom":5,"minecraft:cooked_porkchop":4,"simplefarming:radish_seeds":2,"minecraft:poisonous_potato":1,"crystalcraft_unlimited_java:prism":1,"biomesoplenty:fir_fence":3,"minecraft:stripped_spruce_log":4,"butcher:raw_pork_ham":24,"minecraft:ink_sac":1,"minecraft:dead_bush":1,"farmersdelight:ham":1,"minecraft:dark_oak_log":1,"minecraft:mossy_cobblestone":3,"luminous_nether:raw_mushroom_protein":1,"minecraft:bundle":3,"minecraft:spruce_fence_gate":1,"minecraft:dispenser":2,"spelunkery:rough_lazurite_shard":28,"minecraft:spruce_boat":12,"regions_unexplored:tall_pink_bioshroom":6,"minecraft:lever":1,"iceandfire:dragon_ice":2,"minecraft:bone_meal":1,"spartanweaponry:iron_heavy_crossbow":1,"minecraft:bricks":2,"minecraft:bread":2,"spelunkery:raw_gold_nugget":44,"simplefarming:cassava_seeds":2,"minecraft:oak_sapling":40,"biomesoplenty:pink_daffodil":5,"born_in_chaos_v1:rotten_fish":1,"minecraft:netherrack":153,"minecraft:dark_oak_fence":4,"iceandfire:silver_nugget":78,"iceandfire:raw_silver":1,"minecraft:fishing_rod":1,"simplefarming:pea_seeds":1,"minecraft:coarse_dirt":1,"minecraft:crafting_table":6,"simplyswords:diamond_katana":2,"minecraft:brown_mushroom":1,"crystalcraft_unlimited_java:jade":1,"regions_unexplored:blue_bioshroom":2,"minecraft:chain":7,"minecraft:cornflower":4,"untamedwilds:food_bear_raw":8,"simplefarming:sorghum_seeds":1,"born_in_chaos_v1:intoxicating_decoction":1,"minecraft:cracked_stone_bricks":1,"simplefarming:oat_seeds":2,"minecraft:beef":28,"minecraft:oak_boat":8,"minecraft:chest":5,"minecraft:birch_sapling":2,"minecraft:egg":3,"minecraft:raw_iron":176,"minecraft:sandstone":1,"simplefarming:cantaloupe_seeds":1,"butcher:pighead":38,"simplefarming:yam_seeds":2,"minecraft:spruce_fence":12,"spelunkery:raw_magnetite_nugget":16,"untamedwilds:hide_black":2,"born_in_chaos_v1:pieceofdarkmetal":3,"minecraft:carrot":86,"minecraft:redstone":4,"simplefarming:eggplant_seeds":1,"untamedwilds:hide_white":2,"minecraft:purple_candle":1,"minecraft:arrow":40,"minecraft:beetroot_seeds":2,"born_in_chaos_v1:wood_splitter_axe":1,"tombstone:essence_of_undeath":1,"butcher:raw_pork_loin":24,"minecraft:mutton":22,"minecraft:bone_block":26,"minecraft:white_wool":24,"born_in_chaos_v1:fused_bone":6,"born_in_chaos_v1:corpse_maggot":7,"regions_unexplored:peat_dirt":17,"crystalcraft_unlimited_java:ametrine":3,"simplefarming:soybean_seeds":1,"born_in_chaos_v1:monster_flesh":1,"minecraft:leather":18,"simplefarming:rye_seeds":2,"minecraft:oak_log":94,"regions_unexplored:red_maple_sapling":1,"spelunkery:phosphor_fungus":1,"minecraft:cobbled_deepslate_stairs":2,"minecraft:gunpowder":2,"simplefarming:broccoli_seeds":3,"minecraft:apple":6,"minecraft:stone_bricks":8,"untamedwilds:material_fat":5,"minecraft:kelp":41,"minecraft:spruce_wood":20,"butcher:villager_corpse_item":2,"minecraft:iron_ingot":2,"spelunkery:rough_lazurite":8,"regions_unexplored:larch_sapling":5,"crystalcraft_unlimited_java:chrysolite":1,"spartanweaponry:iron_dagger":1,"minecraft:milk_bucket":1,"minecraft:dark_oak_slab":5,"minecraft:quartz":43,"minecraft:dandelion":11,"crystalcraft_unlimited_java:peacock_ore":1,"minecraft:spruce_sapling":26,"minecraft:white_bed":7,"minecraft:spruce_log":96,"minecraft:spider_eye":6,"butcher:cowhoof":96,"travelersbackpack:standard":2,"enemyexpansion:trollface":1,"spelunkery:rough_diamond":31,"croptopia:orange":1,"minecraft:painting":3,"upgrade_aquatic:pink_searocket":1,"minecraft:gray_wool":2,"spelunkery:raw_iron_nugget":60,"tombstone:magic_scroll":1,"argentinas_delight:cuernodetoro":5,"simplefarming:cotton_seeds":1,"minecraft:coal":429},"minecraft:custom":{"minecraft:animals_bred":34,"minecraft:interact_with_crafting_table":130,"minecraft:open_barrel":56,"minecraft:leave_game":6,"minecraft:time_since_death":38109,"minecraft:sprint_one_cm":2272385,"minecraft:drop":114,"minecraft:talked_to_villager":1,"minecraft:play_time":791500,"minecraft:deaths":49,"minecraft:jump":11838,"minecraft:walk_on_water_one_cm":59664,"minecraft:interact_with_furnace":79,"minecraft:sleep_in_bed":56,"tombstone:sneak_grave":13,"minecraft:damage_dealt":47257,"minecraft:crouch_one_cm":51887,"tombstone:undead_killed":118,"tombstone:villager_killed":1,"minecraft:inspect_dispenser":2,"minecraft:interact_with_smithing_table":3,"minecraft:mob_kills":275,"minecraft:damage_dealt_resisted":4511,"minecraft:climb_one_cm":6107,"minecraft:walk_one_cm":1657455,"minecraft:sneak_time":57467,"minecraft:walk_under_water_one_cm":43207,"minecraft:boat_one_cm":559133,"minecraft:interact_with_blast_furnace":2,"minecraft:total_world_time":791500,"tombstone:raider_killed":3,"minecraft:interact_with_grindstone":6,"minecraft:interact_with_stonecutter":6,"minecraft:time_since_rest":299,"minecraft:damage_taken":20995,"minecraft:trigger_trapped_chest":2,"minecraft:swim_one_cm":127185,"minecraft:fly_one_cm":2596695,"minecraft:open_chest":782,"minecraft:fall_one_cm":302101},"minecraft:mined":{"butcher:villagercorpse":1,"crystalcraft_unlimited_java:amazonite_ore":2,"minecraft:spruce_planks":3,"minecraft:white_bed":5,"minecraft:farmland":2,"minecraft:obsidian":37,"minecraft:potted_dead_bush":1,"minecraft:grass_block":53,"regions_unexplored:blue_bioshroom":2,"minecraft:spawner":16,"minecraft:tall_seagrass":1,"minecraft:magma_block":4,"regions_unexplored:stone_bud":3,"minecraft:iron_ore":38,"crystalcraft_unlimited_java:peacock_ore_block":1,"minecraft:cobbled_deepslate":3,"minecraft:sticky_piston":3,"minecraft:fire":4,"regions_unexplored:mossy_stone":1,"iter_rpg:etherbloom":1,"minecraft:deepslate_lapis_ore":1,"minecraft:dark_oak_stairs":1,"iceandfire:gold_pile":19,"minecraft:oak_stairs":1,"minecraft:iron_bars":2,"minecraft:spruce_wood":24,"crystalcraft_unlimited_java:deepslate_prism_ore":1,"minecraft:brown_mushroom":1,"minecraft:kelp_plant":12,"minecraft:torch":2,"regions_unexplored:peat_grass_block":1,"minecraft:poppy":1,"minecraft:chest":5,"minecraft:nether_quartz_ore":4,"minecraft:cobblestone":1,"minecraft:oak_planks":1,"minecraft:bricks":2,"minecraft:wall_torch":4,"minecraft:chain":7,"minecraft:dark_oak_slab":4,"minecraft:birch_log":7,"biomesoplenty:fir_log":257,"minecraft:grass":163,"minecraft:oak_log":96,"minecraft:dirt":24,"minecraft:dispenser":2,"minecraft:deepslate":855,"mores:deepslate_topaz_ore":3,"minecraft:stonecutter":1,"minecraft:netherrack":161,"minecraft:oak_leaves":9,"regions_unexplored:tall_pink_bioshroom":6,"minecraft:tuff":44,"minecraft:mossy_cobblestone":2,"crystalcraft_unlimited_java:deepslate_grand_ore":1,"minecraft:deepslate_diamond_ore":9,"minecraft:lever":1,"minecraft:dark_oak_fence":4,"biomesoplenty:bush":1,"minecraft:spruce_fence":12,"born_in_chaos_v1:black_argillite":1,"minecraft:redstone_wire":2,"iter_rpg:big_vase":1,"minecraft:kelp":6,"minecraft:sandstone":1,"butcher:pighead":15,"butcher:villager_head":1,"minecraft:furnace":3,"minecraft:potatoes":6,"minecraft:deepslate_iron_ore":16,"minecraft:vine":2,"crystalcraft_unlimited_java:jade_ore":1,"regions_unexplored:medium_grass":5,"minecraft:stone":716,"minecraft:white_wool":1,"crystalcraft_unlimited_java:chrysolite_ore":1,"regions_unexplored:silver_birch_leaf_pile":1,"regions_unexplored:pink_bioshroom":3,"minecraft:dandelion":11,"travelersbackpack:standard":1,"minecraft:polished_granite":2,"minecraft:crafting_table":7,"minecraft:cornflower":4,"biomesoplenty:fir_planks":82,"minecraft:sculk_sensor":1,"minecraft:tall_grass":15,"minecraft:deepslate_gold_ore":4,"mores:tin_ore":1,"minecraft:coarse_dirt":1,"biomesoplenty:fir_fence_gate":1,"biomesoplenty:fir_fence":3,"spelunkery:phosphor_fungus":1,"biomesoplenty:pink_daffodil":4,"minecraft:spruce_log":96,"regions_unexplored:tall_blue_bioshroom":5,"minecraft:coal_ore":41,"minecraft:cobweb":6,"minecraft:cracked_stone_bricks":1,"minecraft:spruce_fence_gate":1,"minecraft:stone_bricks":7,"minecraft:gold_ore":1,"crystalcraft_unlimited_java:deepslate_ametrine_ore":3,"minecraft:fern":15},"minecraft:killed":{"born_in_chaos_v1:zombie_clown":1,"minecraft:cave_spider":7,"minecraft:witch":1,"born_in_chaos_v1:zombie_lumberjack":1,"born_in_chaos_v1:skeleton_demoman":1,"born_in_chaos_v1:door_knight_not_despawn":2,"enemyexpansion:equestrian":1,"minecraft:spider":8,"born_in_chaos_v1:siamese_skeletonsright":1,"born_in_chaos_v1:baby_skeleton_minion":4,"minecraft:skeleton":15,"minecraft:pig":9,"alexsmobs:grizzly_bear":2,"untamedwilds:boar":1,"iter_rpg:spiderling":4,"minecraft:creeper":5,"minecraft:sheep":16,"untamedwilds:bear":2,"minecraft:pillager":2,"minecraft:zombie":47,"born_in_chaos_v1:dread_hound":1,"born_in_chaos_v1:corpse_fly":1,"enemyexpansion:botfly":38,"minecraft:stray":13,"born_in_chaos_v1:siamese_skeletonsleft":1,"minecraft:cow":15,"alexsmobs:tiger":1,"born_in_chaos_v1:zombie_clown_not_despawn":1,"born_in_chaos_v1:skeleton_thrasher_not_despawn":1,"enemyexpansion:direwolf":8,"born_in_chaos_v1:maggot":12,"minecraft:horse":2,"untamedwilds:catfish":1,"enemyexpansion:faller":1,"born_in_chaos_v1:bone_imp_minion":10,"naturalist:bear":2,"born_in_chaos_v1:baby_skeleton":1,"minecraft:bat":2,"enemyexpansion:sprinter":6,"minecraft:squid":2,"born_in_chaos_v1:decrepit_skeleton":8,"luminous_nether:mushlin_bumper":1,"born_in_chaos_v1:decaying_zombie":1,"born_in_chaos_v1:bonescaller_not_despawn":2,"enemyexpansion:huntsman":1,"iter_rpg:giant_spider":1,"iceandfire:ice_dragon":1,"luminous_nether:piglin_cultist":1,"minecraft:villager":1},"minecraft:used":{"minecraft:beetroot":1,"minecraft:dispenser":5,"minecraft:chest":25,"minecraft:iron_sword":249,"minecraft:carrot":63,"minecraft:tuff":7,"minecraft:obsidian":34,"simplefarming:raspberries":3,"minecraft:stripped_spruce_log":3,"minecraft:milk_bucket":3,"minecraft:spruce_boat":12,"butcher:pork_loin":10,"minecraft:lava_bucket":1,"butcher:pighead":24,"minecraft:stone_bricks":12,"minecraft:repeater":1,"regions_unexplored:blue_bioshroom":2,"minecraft:bow":4,"minecraft:oak_sapling":39,"minecraft:furnace":4,"biomesoplenty:fir_fence_gate":2,"minecraft:potato":55,"biomesoplenty:fir_fence":24,"travelersbackpack:cow":6,"minecraft:stone_pickaxe":84,"minecraft:oak_planks":17,"minecraft:wooden_pickaxe":34,"minecraft:sandstone":1,"biomesoplenty:fir_planks":83,"biomesoplenty:fir_boat":18,"butcher:pork_belly":13,"minecraft:blast_furnace":1,"butcher:villager_head":1,"regions_unexplored:pink_bioshroom":2,"croptopia:orange":1,"minecraft:bread":29,"born_in_chaos_v1:staffof_magic_arrows":24,"tombstone:grave_key":3,"upgrade_aquatic:pink_searocket":1,"butcher:pork_leg":10,"minecraft:chain":10,"minecraft:oak_boat":9,"minecraft:stone_sword":10,"minecraft:flint_and_steel":6,"minecraft:redstone":6,"minecraft:netherrack":4,"minecraft:cooked_chicken":5,"minecraft:stone_hoe":127,"minecraft:torch":388,"minecraft:dirt":122,"iter_rpg:etherbloom":1,"minecraft:spruce_fence":33,"minecraft:iron_hoe":1,"minecraft:wooden_axe":44,"neapolitan:strawberry_scones":2,"minecraft:iron_axe":435,"spartanweaponry:iron_rapier":3,"butcher:ham":10,"butcher:bloodgrate":5,"minecraft:beef":1,"mores:bronze_apple":1,"tombstone:gift":9,"minecraft:cooked_beef":5,"minecraft:observer":1,"minecraft:cobbled_deepslate":75,"regions_unexplored:tall_blue_bioshroom":5,"butcher:villager_corpse_item":2,"minecraft:wheat_seeds":16,"minecraft:cooked_mutton":1,"farmersdelight:iron_knife":74,"born_in_chaos_v1:mint_ice_cream":1,"minecraft:water_bucket":52,"simplyswords:diamond_katana":381,"butcher:butchers_knife":201,"regions_unexplored:peat_dirt":16,"minecraft:stonecutter":1,"minecraft:spruce_fence_gate":2,"regions_unexplored:tall_pink_bioshroom":3,"minecraft:crafting_table":9,"minecraft:white_bed":9,"minecraft:painting":4,"butcher:pig_corpse_item":24,"minecraft:spruce_log":17,"minecraft:oak_log":2,"minecraft:diamond_pickaxe":207,"minecraft:apple":12,"biomesoplenty:pink_daffodil":5,"minecraft:iron_pickaxe":1213,"minecraft:spruce_sapling":16,"minecraft:stone_axe":253,"minecraft:cobblestone":61,"travelersbackpack:standard":11,"vanillaplustools:iron_hammer":60,"minecraft:cooked_porkchop":62,"minecraft:bucket":55,"minecraft:pumpkin_pie":2,"biomesoplenty:fir_log":4,"butcher:pork_shoulder":5}},"DataVersion":3465}