{"stats":{"minecraft:killed":{"minecraft:pig":4,"minecraft:sheep":7,"minecraft:cow":2},"minecraft:custom":{"minecraft:interact_with_furnace":13,"minecraft:mob_kills":13,"minecraft:interact_with_crafting_table":13,"minecraft:time_since_death":42896,"minecraft:sleep_in_bed":2,"minecraft:time_since_rest":11282,"minecraft:sprint_one_cm":259540,"minecraft:damage_taken":360,"minecraft:walk_one_cm":87463,"minecraft:trigger_trapped_chest":1,"minecraft:drop":5,"minecraft:damage_dealt":1212,"minecraft:swim_one_cm":1406,"minecraft:fly_one_cm":181876,"minecraft:open_chest":3,"minecraft:crouch_one_cm":2633,"minecraft:play_time":42896,"minecraft:sneak_time":2445,"minecraft:walk_under_water_one_cm":539,"minecraft:boat_one_cm":20337,"minecraft:jump":756,"minecraft:walk_on_water_one_cm":1663,"minecraft:total_world_time":42896,"minecraft:fall_one_cm":19584},"minecraft:broken":{"minecraft:stone_axe":1,"minecraft:wooden_axe":1},"minecraft:used":{"minecraft:cooked_mutton":1,"minecraft:stone_sword":1,"minecraft:chest":8,"minecraft:wooden_pickaxe":28,"minecraft:crafting_table":4,"minecraft:white_bed":4,"croptopia:orange":1,"minecraft:oak_log":2,"minecraft:wooden_axe":44,"upgrade_aquatic:pink_searocket":1,"minecraft:stone_axe":192,"minecraft:beef":1,"minecraft:furnace":2,"minecraft:oak_sapling":1,"minecraft:cooked_porkchop":6,"minecraft:oak_boat":4},"minecraft:mined":{"minecraft:white_bed":2,"minecraft:crafting_table":3,"minecraft:grass_block":10,"minecraft:chest":4,"minecraft:tall_grass":1,"minecraft:furnace":1,"minecraft:spruce_log":65,"biomesoplenty:fir_log":115,"minecraft:grass":5,"minecraft:oak_log":26,"minecraft:vine":1,"minecraft:dirt":18,"minecraft:stone":16,"minecraft:fern":4},"minecraft:dropped":{"minecraft:porkchop":5,"minecraft:oak_log":1,"minecraft:oak_planks":26,"minecraft:beef":4,"iceandfire:manuscript":1},"minecraft:crafted":{"minecraft:oak_planks":68,"minecraft:cooked_porkchop":6,"minecraft:crafting_table":1,"minecraft:wooden_pickaxe":1,"minecraft:furnace":1,"minecraft:stone_axe":2,"minecraft:cooked_mutton":1,"minecraft:air":0,"biomesoplenty:fir_planks":76,"minecraft:oak_boat":1,"minecraft:stick":8,"minecraft:wooden_axe":1,"minecraft:stone_sword":1,"minecraft:chest":4,"minecraft:white_bed":2},"minecraft:picked_up":{"minecraft:crafting_table":3,"biomesoplenty:fir_sapling":1,"biomesoplenty:fir_log":75,"minecraft:oak_log":24,"simplefarming:broccoli_seeds":1,"minecraft:dirt":26,"minecraft:wheat_seeds":3,"minecraft:beef":5,"minecraft:oak_boat":4,"minecraft:chest":4,"minecraft:oak_planks":31,"minecraft:egg":1,"minecraft:furnace":1,"minecraft:stick":3,"minecraft:cooked_porkchop":4,"minecraft:porkchop":10,"minecraft:spruce_sapling":11,"minecraft:white_bed":2,"minecraft:spruce_log":57,"croptopia:orange":1,"upgrade_aquatic:pink_searocket":1,"argentinas_delight:cuernodetoro":1,"minecraft:oak_sapling":2,"minecraft:mutton":12,"minecraft:white_wool":7,"minecraft:cobblestone":16}},"DataVersion":3465}