{"stats":{"minecraft:killed_by":{"minecraft:zombie":1},"minecraft:crafted":{"minecraft:black_dye":1,"minecraft:oak_planks":68,"minecraft:cooked_mutton":1,"minecraft:glass":10,"vanillaplustools:iron_hammer":1,"minecraft:iron_boots":2,"minecraft:chest":16,"minecraft:stone_hoe":1,"minecraft:dropper":3,"minecraft:cooked_porkchop":55,"minecraft:crafting_table":3,"minecraft:spruce_planks":32,"minecraft:wooden_pickaxe":1,"travelersbackpack:standard":1,"minecraft:iron_helmet":2,"biomesoplenty:fir_planks":286,"minecraft:dispenser":3,"minecraft:iron_chestplate":2,"minecraft:stick":96,"minecraft:iron_ingot":20,"minecraft:iron_pickaxe":9,"minecraft:stone_sword":1,"minecraft:gold_ingot":21,"travelersbackpack:cow":1,"minecraft:furnace":1,"travelersbackpack:white_sleeping_bag":1,"minecraft:iron_axe":1,"minecraft:stone_pickaxe":1,"minecraft:cooked_beef":3,"minecraft:coal_block":9,"biomesoplenty:fir_boat":1,"travelersbackpack:backpack_tank":2,"minecraft:stone_axe":2,"minecraft:air":0,"minecraft:oak_boat":1,"biomesoplenty:fir_fence":21,"minecraft:wooden_axe":1,"minecraft:iron_leggings":3,"minecraft:white_bed":2,"minecraft:torch":256,"biomesoplenty:fir_fence_gate":1},"minecraft:broken":{"minecraft:iron_chestplate":1,"minecraft:iron_leggings":1,"minecraft:stone_axe":1,"minecraft:iron_sword":1,"minecraft:wooden_axe":1,"mores:cobalt_boots":1,"minecraft:iron_axe":1,"minecraft:iron_helmet":1},"minecraft:dropped":{"minecraft:porkchop":5,"minecraft:brown_mushroom":1,"minecraft:oak_log":1,"minecraft:bone_meal":1,"spartanweaponry:iron_heavy_crossbow":1,"minecraft:cobbled_deepslate":64,"minecraft:oak_planks":26,"minecraft:cooked_mutton":2,"mores:sterling_leggings":1,"minecraft:leather_boots":1,"minecraft:beef":4,"iceandfire:manuscript":1,"minecraft:cobbled_deepslate_stairs":2,"minecraft:cobblestone":1,"born_in_chaos_v1:black_argillite":1,"simplefarming:tomato_seeds":1,"minecraft:kelp":40,"minecraft:stone_bricks":1},"minecraft:picked_up":{"minecraft:flower_pot":1,"minecraft:oak_stairs":1,"croptopia:calamari":2,"born_in_chaos_v1:black_argillite":1,"minecraft:string":15,"iter_rpg:etherbloom":1,"minecraft:sticky_piston":3,"minecraft:beetroot":1,"minecraft:gold_nugget":192,"minecraft:cobbled_deepslate":535,"minecraft:bucket":1,"biomesoplenty:fir_planks":2,"minecraft:spruce_planks":1,"born_in_chaos_v1:stimulating_decoction":2,"regions_unexplored:blackwood_log":2,"minecraft:furnace":1,"minecraft:tipped_arrow":8,"minecraft:stick":18,"born_in_chaos_v1:shattered_skull":1,"minecraft:torch":3,"minecraft:porkchop":20,"simplefarming:raspberries":3,"tombstone:grave_dust":11,"biomesoplenty:fir_fence_gate":1,"quark:clear_shard":2,"minecraft:rotten_flesh":40,"minecraft:iron_bars":1,"minecraft:cobblestone":140,"born_in_chaos_v1:staffof_magic_arrows":1,"minecraft:repeater":1,"spartanweaponry:iron_battleaxe":1,"minecraft:potato":31,"biomesoplenty:fir_sapling":1,"biomesoplenty:fir_log":75,"minecraft:tuff":27,"minecraft:dirt":87,"spartanweaponry:iron_rapier":1,"minecraft:bone":46,"minecraft:stonecutter":1,"minecraft:wheat_seeds":23,"biomesoplenty:fir_boat":16,"simplefarming:tomato_seeds":2,"minecraft:oak_planks":32,"spelunkery:rough_diamond_shard":4,"simplefarming:peanut_seeds":2,"regions_unexplored:tall_blue_bioshroom":2,"minecraft:cooked_porkchop":4,"simplefarming:radish_seeds":2,"minecraft:stripped_spruce_log":1,"biomesoplenty:fir_fence":3,"minecraft:ink_sac":1,"minecraft:dead_bush":1,"farmersdelight:ham":1,"minecraft:mossy_cobblestone":2,"minecraft:bundle":2,"spelunkery:rough_lazurite_shard":28,"regions_unexplored:tall_pink_bioshroom":3,"minecraft:lever":1,"minecraft:bone_meal":1,"spartanweaponry:iron_heavy_crossbow":1,"minecraft:bread":2,"minecraft:oak_sapling":40,"biomesoplenty:pink_daffodil":5,"born_in_chaos_v1:rotten_fish":1,"minecraft:fishing_rod":1,"minecraft:coarse_dirt":1,"simplefarming:pea_seeds":1,"minecraft:crafting_table":4,"minecraft:brown_mushroom":1,"regions_unexplored:blue_bioshroom":1,"minecraft:chain":2,"minecraft:cornflower":3,"untamedwilds:food_bear_raw":4,"born_in_chaos_v1:intoxicating_decoction":1,"minecraft:cracked_stone_bricks":1,"simplefarming:oat_seeds":1,"minecraft:beef":28,"minecraft:oak_boat":8,"minecraft:chest":4,"minecraft:egg":2,"minecraft:raw_iron":72,"minecraft:sandstone":1,"simplefarming:cantaloupe_seeds":1,"simplefarming:yam_seeds":2,"minecraft:spruce_fence":1,"minecraft:carrot":7,"untamedwilds:hide_black":2,"born_in_chaos_v1:pieceofdarkmetal":3,"spelunkery:raw_magnetite_nugget":10,"minecraft:redstone":3,"minecraft:purple_candle":1,"minecraft:arrow":34,"minecraft:beetroot_seeds":2,"tombstone:essence_of_undeath":1,"minecraft:mutton":21,"minecraft:white_wool":13,"minecraft:bone_block":26,"born_in_chaos_v1:corpse_maggot":5,"regions_unexplored:peat_dirt":1,"simplefarming:soybean_seeds":1,"born_in_chaos_v1:monster_flesh":1,"minecraft:leather":13,"minecraft:oak_log":94,"regions_unexplored:red_maple_sapling":1,"minecraft:cobbled_deepslate_stairs":2,"minecraft:gunpowder":1,"simplefarming:broccoli_seeds":3,"minecraft:apple":6,"minecraft:stone_bricks":2,"minecraft:kelp":40,"untamedwilds:material_fat":2,"spelunkery:rough_lazurite":8,"minecraft:spruce_wood":20,"minecraft:iron_ingot":2,"minecraft:dandelion":9,"minecraft:spruce_sapling":26,"minecraft:white_bed":6,"minecraft:spruce_log":83,"minecraft:spider_eye":5,"enemyexpansion:trollface":1,"spelunkery:rough_diamond":3,"croptopia:orange":1,"minecraft:painting":3,"upgrade_aquatic:pink_searocket":1,"minecraft:gray_wool":1,"spelunkery:raw_iron_nugget":35,"tombstone:magic_scroll":1,"argentinas_delight:cuernodetoro":5,"simplefarming:cotton_seeds":1,"minecraft:coal":146},"minecraft:custom":{"minecraft:animals_bred":7,"minecraft:interact_with_crafting_table":65,"minecraft:open_barrel":45,"minecraft:leave_game":3,"minecraft:time_since_death":6382,"minecraft:sprint_one_cm":1310907,"minecraft:drop":84,"minecraft:talked_to_villager":1,"minecraft:play_time":402841,"minecraft:deaths":34,"minecraft:jump":5646,"minecraft:walk_on_water_one_cm":36858,"minecraft:interact_with_furnace":30,"minecraft:sleep_in_bed":30,"tombstone:sneak_grave":7,"minecraft:damage_dealt":29212,"minecraft:crouch_one_cm":26617,"tombstone:undead_killed":85,"minecraft:mob_kills":200,"minecraft:damage_dealt_resisted":4511,"minecraft:climb_one_cm":6107,"minecraft:walk_one_cm":891116,"minecraft:sneak_time":32149,"minecraft:walk_under_water_one_cm":38003,"minecraft:boat_one_cm":339461,"minecraft:total_world_time":402841,"tombstone:raider_killed":2,"minecraft:interact_with_grindstone":2,"minecraft:interact_with_stonecutter":1,"minecraft:time_since_rest":2623,"minecraft:damage_taken":13480,"minecraft:trigger_trapped_chest":2,"minecraft:swim_one_cm":109929,"minecraft:fly_one_cm":1202828,"minecraft:open_chest":369,"minecraft:fall_one_cm":141690},"minecraft:mined":{"minecraft:spruce_planks":1,"minecraft:white_bed":4,"minecraft:farmland":2,"minecraft:potted_dead_bush":1,"minecraft:grass_block":48,"regions_unexplored:blue_bioshroom":1,"minecraft:spawner":12,"minecraft:tall_seagrass":1,"regions_unexplored:stone_bud":2,"minecraft:iron_ore":19,"minecraft:sticky_piston":3,"iter_rpg:etherbloom":1,"minecraft:deepslate_lapis_ore":1,"minecraft:dark_oak_stairs":1,"iceandfire:gold_pile":19,"minecraft:oak_stairs":1,"minecraft:iron_bars":2,"minecraft:spruce_wood":24,"minecraft:brown_mushroom":1,"minecraft:kelp_plant":12,"regions_unexplored:peat_grass_block":1,"minecraft:chest":4,"minecraft:oak_planks":1,"minecraft:chain":2,"minecraft:birch_log":7,"biomesoplenty:fir_log":115,"minecraft:grass":124,"minecraft:oak_log":96,"minecraft:dirt":24,"minecraft:stonecutter":1,"minecraft:oak_leaves":8,"minecraft:deepslate":548,"regions_unexplored:tall_pink_bioshroom":3,"minecraft:tuff":44,"minecraft:mossy_cobblestone":2,"minecraft:deepslate_diamond_ore":2,"minecraft:lever":1,"biomesoplenty:bush":1,"minecraft:spruce_fence":1,"born_in_chaos_v1:black_argillite":1,"minecraft:redstone_wire":1,"iter_rpg:big_vase":1,"minecraft:kelp":5,"minecraft:sandstone":1,"minecraft:furnace":1,"minecraft:deepslate_iron_ore":9,"minecraft:vine":2,"regions_unexplored:medium_grass":1,"minecraft:stone":146,"regions_unexplored:silver_birch_leaf_pile":1,"regions_unexplored:pink_bioshroom":1,"minecraft:dandelion":9,"minecraft:crafting_table":5,"minecraft:cornflower":3,"biomesoplenty:fir_planks":2,"minecraft:sculk_sensor":1,"minecraft:tall_grass":11,"minecraft:coarse_dirt":1,"biomesoplenty:fir_fence_gate":1,"biomesoplenty:fir_fence":3,"biomesoplenty:pink_daffodil":4,"minecraft:spruce_log":83,"regions_unexplored:tall_blue_bioshroom":2,"minecraft:coal_ore":19,"minecraft:cobweb":4,"minecraft:cracked_stone_bricks":1,"minecraft:stone_bricks":1,"minecraft:fern":15},"minecraft:killed":{"minecraft:cave_spider":7,"born_in_chaos_v1:skeleton_demoman":1,"born_in_chaos_v1:door_knight_not_despawn":2,"minecraft:spider":5,"born_in_chaos_v1:baby_skeleton_minion":4,"minecraft:skeleton":10,"minecraft:pig":8,"iter_rpg:spiderling":4,"minecraft:creeper":5,"minecraft:sheep":14,"untamedwilds:bear":1,"minecraft:pillager":2,"minecraft:zombie":31,"born_in_chaos_v1:dread_hound":1,"enemyexpansion:botfly":28,"minecraft:stray":12,"minecraft:cow":15,"born_in_chaos_v1:zombie_clown_not_despawn":1,"born_in_chaos_v1:skeleton_thrasher_not_despawn":1,"enemyexpansion:direwolf":3,"born_in_chaos_v1:maggot":8,"untamedwilds:catfish":1,"enemyexpansion:faller":1,"born_in_chaos_v1:bone_imp_minion":10,"born_in_chaos_v1:baby_skeleton":1,"minecraft:bat":2,"enemyexpansion:sprinter":4,"minecraft:squid":2,"born_in_chaos_v1:decrepit_skeleton":6,"born_in_chaos_v1:bonescaller_not_despawn":2,"iter_rpg:giant_spider":1},"minecraft:used":{"minecraft:beetroot":1,"minecraft:chest":16,"minecraft:iron_sword":249,"minecraft:carrot":14,"minecraft:tuff":7,"simplefarming:raspberries":3,"minecraft:stripped_spruce_log":1,"minecraft:milk_bucket":1,"minecraft:furnace":2,"minecraft:oak_sapling":39,"biomesoplenty:fir_fence_gate":2,"minecraft:potato":47,"biomesoplenty:fir_fence":24,"travelersbackpack:cow":6,"minecraft:stone_pickaxe":82,"minecraft:wooden_pickaxe":34,"minecraft:sandstone":1,"biomesoplenty:fir_planks":2,"biomesoplenty:fir_boat":16,"croptopia:orange":1,"minecraft:bread":29,"born_in_chaos_v1:staffof_magic_arrows":24,"upgrade_aquatic:pink_searocket":1,"minecraft:oak_boat":9,"minecraft:stone_sword":10,"minecraft:stone_hoe":123,"minecraft:torch":257,"minecraft:dirt":59,"iter_rpg:etherbloom":1,"minecraft:wooden_axe":44,"neapolitan:strawberry_scones":2,"minecraft:iron_axe":175,"spartanweaponry:iron_rapier":3,"minecraft:beef":1,"mores:bronze_apple":1,"tombstone:gift":9,"minecraft:wheat_seeds":14,"minecraft:cooked_mutton":1,"farmersdelight:iron_knife":74,"born_in_chaos_v1:mint_ice_cream":1,"minecraft:water_bucket":38,"simplyswords:diamond_katana":169,"minecraft:stonecutter":1,"minecraft:crafting_table":6,"minecraft:white_bed":8,"minecraft:painting":4,"minecraft:oak_log":2,"minecraft:apple":11,"biomesoplenty:pink_daffodil":5,"minecraft:iron_pickaxe":232,"minecraft:spruce_sapling":16,"minecraft:stone_axe":253,"minecraft:cobblestone":32,"vanillaplustools:iron_hammer":60,"minecraft:cooked_porkchop":32,"minecraft:bucket":41,"minecraft:pumpkin_pie":2}},"DataVersion":3465}