{"stats":{"minecraft:killed":{"minecraft:sheep":7,"minecraft:pig":4,"minecraft:cow":2},"minecraft:custom":{"minecraft:time_since_rest":12037,"minecraft:interact_with_furnace":11,"minecraft:sprint_one_cm":214021,"minecraft:trigger_trapped_chest":1,"minecraft:damage_taken":340,"minecraft:walk_one_cm":69194,"minecraft:mob_kills":13,"minecraft:drop":3,"minecraft:damage_dealt":1212,"minecraft:swim_one_cm":1406,"minecraft:interact_with_crafting_table":7,"minecraft:fly_one_cm":122809,"minecraft:crouch_one_cm":2016,"minecraft:play_time":30896,"minecraft:sneak_time":1903,"minecraft:walk_under_water_one_cm":539,"minecraft:boat_one_cm":12677,"minecraft:jump":520,"minecraft:time_since_death":30896,"minecraft:walk_on_water_one_cm":1340,"minecraft:sleep_in_bed":1,"minecraft:total_world_time":30896,"minecraft:fall_one_cm":14106},"minecraft:broken":{"minecraft:wooden_axe":1},"minecraft:used":{"minecraft:cooked_mutton":1,"minecraft:wooden_axe":44,"minecraft:stone_sword":1,"minecraft:wooden_pickaxe":28,"minecraft:stone_axe":8,"minecraft:beef":1,"minecraft:crafting_table":3,"minecraft:oak_sapling":1,"minecraft:furnace":1,"minecraft:cooked_porkchop":5,"minecraft:oak_boat":2,"minecraft:white_bed":3},"minecraft:mined":{"minecraft:white_bed":2,"minecraft:furnace":1,"minecraft:spruce_log":9,"minecraft:crafting_table":3,"minecraft:grass_block":10,"minecraft:oak_log":24,"minecraft:vine":1,"minecraft:dirt":18,"minecraft:stone":16,"minecraft:fern":1},"minecraft:dropped":{"minecraft:porkchop":5,"minecraft:oak_log":1,"minecraft:beef":4},"minecraft:crafted":{"minecraft:oak_boat":1,"minecraft:oak_planks":68,"minecraft:cooked_porkchop":6,"minecraft:crafting_table":1,"minecraft:stick":8,"minecraft:wooden_pickaxe":1,"minecraft:wooden_axe":1,"minecraft:stone_sword":1,"minecraft:furnace":1,"minecraft:white_bed":2,"minecraft:stone_axe":1,"minecraft:air":0,"minecraft:cooked_mutton":1},"minecraft:picked_up":{"minecraft:stick":1,"minecraft:crafting_table":3,"minecraft:cooked_porkchop":4,"minecraft:porkchop":10,"minecraft:oak_log":22,"minecraft:spruce_sapling":4,"minecraft:white_bed":2,"minecraft:spruce_log":9,"simplefarming:broccoli_seeds":1,"minecraft:dirt":26,"minecraft:wheat_seeds":2,"minecraft:beef":5,"upgrade_aquatic:pink_searocket":1,"minecraft:oak_boat":1,"minecraft:oak_sapling":2,"argentinas_delight:cuernodetoro":1,"minecraft:oak_planks":31,"minecraft:furnace":1,"minecraft:mutton":12,"minecraft:white_wool":7,"minecraft:cobblestone":16,"minecraft:egg":1}},"DataVersion":3465}