{"stats":{"minecraft:killed":{"minecraft:sheep":7,"minecraft:pig":4,"minecraft:cow":2},"minecraft:custom":{"minecraft:time_since_rest":37,"minecraft:interact_with_furnace":11,"minecraft:sprint_one_cm":113751,"minecraft:damage_taken":135,"minecraft:walk_one_cm":54544,"minecraft:mob_kills":13,"minecraft:drop":3,"minecraft:damage_dealt":1212,"minecraft:interact_with_crafting_table":5,"minecraft:fly_one_cm":18948,"minecraft:crouch_one_cm":2016,"minecraft:play_time":18896,"minecraft:sneak_time":1863,"minecraft:walk_under_water_one_cm":511,"minecraft:jump":136,"minecraft:time_since_death":18896,"minecraft:walk_on_water_one_cm":586,"minecraft:sleep_in_bed":1,"minecraft:total_world_time":18896,"minecraft:fall_one_cm":2837},"minecraft:broken":{"minecraft:wooden_axe":1},"minecraft:used":{"minecraft:cooked_mutton":1,"minecraft:wooden_axe":44,"minecraft:wooden_pickaxe":26,"minecraft:stone_axe":7,"minecraft:beef":1,"minecraft:crafting_table":2,"minecraft:oak_sapling":1,"minecraft:furnace":1,"minecraft:cooked_porkchop":1,"minecraft:white_bed":3},"minecraft:mined":{"minecraft:white_bed":1,"minecraft:spruce_log":9,"minecraft:crafting_table":1,"minecraft:grass_block":10,"minecraft:oak_log":24,"minecraft:dirt":18,"minecraft:stone":16,"minecraft:fern":1},"minecraft:dropped":{"minecraft:porkchop":5,"minecraft:oak_log":1,"minecraft:beef":4},"minecraft:crafted":{"minecraft:oak_planks":68,"minecraft:cooked_porkchop":6,"minecraft:crafting_table":1,"minecraft:stick":8,"minecraft:wooden_pickaxe":1,"minecraft:wooden_axe":1,"minecraft:furnace":1,"minecraft:white_bed":2,"minecraft:stone_axe":1,"minecraft:air":0,"minecraft:cooked_mutton":1},"minecraft:picked_up":{"minecraft:stick":1,"minecraft:crafting_table":1,"minecraft:porkchop":10,"minecraft:oak_log":22,"minecraft:spruce_sapling":4,"minecraft:white_bed":1,"minecraft:spruce_log":9,"minecraft:dirt":26,"minecraft:beef":5,"minecraft:oak_sapling":2,"argentinas_delight:cuernodetoro":1,"minecraft:mutton":12,"minecraft:white_wool":7,"minecraft:cobblestone":16,"minecraft:egg":1}},"DataVersion":3465}