{"stats":{"minecraft:killed":{"minecraft:pig":4,"minecraft:sheep":7,"minecraft:cow":2},"minecraft:custom":{"minecraft:interact_with_furnace":13,"minecraft:mob_kills":13,"minecraft:interact_with_crafting_table":14,"minecraft:time_since_death":4472,"minecraft:sleep_in_bed":3,"minecraft:time_since_rest":3676,"minecraft:sprint_one_cm":308910,"minecraft:damage_taken":660,"minecraft:walk_one_cm":123495,"minecraft:trigger_trapped_chest":1,"minecraft:drop":7,"minecraft:damage_dealt":1352,"minecraft:swim_one_cm":1406,"minecraft:fly_one_cm":222033,"minecraft:open_chest":6,"minecraft:crouch_one_cm":3200,"minecraft:play_time":54896,"minecraft:deaths":1,"minecraft:sneak_time":2667,"minecraft:walk_under_water_one_cm":1137,"minecraft:boat_one_cm":20337,"minecraft:jump":1002,"minecraft:walk_on_water_one_cm":1961,"minecraft:total_world_time":54896,"minecraft:fall_one_cm":24457},"minecraft:broken":{"minecraft:stone_axe":1,"minecraft:wooden_axe":1},"minecraft:used":{"minecraft:cooked_mutton":1,"minecraft:stone_sword":2,"minecraft:stone_pickaxe":7,"minecraft:chest":8,"minecraft:wooden_pickaxe":34,"minecraft:torch":4,"minecraft:crafting_table":5,"minecraft:white_bed":4,"croptopia:orange":1,"minecraft:oak_log":2,"minecraft:wooden_axe":44,"upgrade_aquatic:pink_searocket":1,"minecraft:spruce_sapling":16,"minecraft:stone_axe":213,"minecraft:beef":1,"minecraft:furnace":2,"minecraft:oak_sapling":1,"minecraft:cooked_porkchop":8,"minecraft:oak_boat":4},"minecraft:mined":{"minecraft:white_bed":2,"minecraft:crafting_table":4,"minecraft:grass_block":10,"born_in_chaos_v1:black_argillite":1,"minecraft:chest":4,"minecraft:tall_grass":1,"minecraft:furnace":1,"minecraft:iron_ore":4,"minecraft:spruce_log":82,"biomesoplenty:fir_log":115,"minecraft:grass":31,"minecraft:coal_ore":1,"minecraft:oak_log":26,"minecraft:vine":1,"minecraft:dirt":18,"minecraft:stone":23,"minecraft:fern":14},"minecraft:dropped":{"minecraft:porkchop":5,"minecraft:oak_log":1,"minecraft:oak_planks":26,"minecraft:cooked_mutton":2,"minecraft:beef":4,"iceandfire:manuscript":1},"minecraft:crafted":{"minecraft:oak_planks":68,"minecraft:cooked_porkchop":6,"minecraft:crafting_table":2,"minecraft:wooden_pickaxe":1,"minecraft:furnace":1,"minecraft:stone_axe":2,"minecraft:cooked_mutton":1,"minecraft:air":0,"biomesoplenty:fir_planks":76,"minecraft:oak_boat":1,"minecraft:stick":8,"minecraft:stone_pickaxe":1,"minecraft:wooden_axe":1,"minecraft:stone_sword":1,"minecraft:chest":4,"minecraft:white_bed":2,"minecraft:torch":4},"minecraft:picked_up":{"minecraft:crafting_table":3,"simplefarming:soybean_seeds":1,"biomesoplenty:fir_sapling":1,"biomesoplenty:fir_log":75,"minecraft:oak_log":24,"born_in_chaos_v1:black_argillite":1,"simplefarming:broccoli_seeds":2,"minecraft:dirt":26,"minecraft:bone":1,"minecraft:wheat_seeds":6,"minecraft:beef":5,"minecraft:oak_boat":4,"minecraft:chest":4,"minecraft:oak_planks":31,"minecraft:egg":1,"minecraft:furnace":1,"minecraft:stick":4,"minecraft:raw_iron":11,"minecraft:cooked_porkchop":4,"simplefarming:radish_seeds":1,"minecraft:porkchop":10,"minecraft:spruce_sapling":26,"minecraft:white_bed":2,"minecraft:spruce_log":82,"croptopia:orange":1,"upgrade_aquatic:pink_searocket":1,"argentinas_delight:cuernodetoro":1,"minecraft:oak_sapling":2,"minecraft:mutton":12,"minecraft:coal":1,"minecraft:white_wool":7,"minecraft:cobblestone":22}},"DataVersion":3465}