{"stats":{"minecraft:killed":{"minecraft:cave_spider":7,"born_in_chaos_v1:skeleton_demoman":1,"born_in_chaos_v1:door_knight_not_despawn":1,"born_in_chaos_v1:zombie_clown_not_despawn":1,"minecraft:spider":2,"born_in_chaos_v1:skeleton_thrasher_not_despawn":1,"enemyexpansion:direwolf":3,"born_in_chaos_v1:baby_skeleton_minion":4,"born_in_chaos_v1:maggot":8,"minecraft:skeleton":8,"untamedwilds:catfish":1,"enemyexpansion:faller":1,"minecraft:pig":7,"born_in_chaos_v1:bone_imp_minion":10,"born_in_chaos_v1:baby_skeleton":1,"minecraft:bat":2,"iter_rpg:spiderling":4,"enemyexpansion:sprinter":4,"minecraft:creeper":5,"minecraft:squid":2,"born_in_chaos_v1:decrepit_skeleton":4,"minecraft:sheep":11,"minecraft:pillager":2,"minecraft:zombie":28,"born_in_chaos_v1:dread_hound":1,"born_in_chaos_v1:bonescaller_not_despawn":2,"enemyexpansion:botfly":28,"minecraft:stray":12,"iter_rpg:giant_spider":1,"minecraft:cow":13},"minecraft:mined":{"minecraft:tuff":44,"minecraft:spruce_planks":1,"minecraft:white_bed":4,"minecraft:mossy_cobblestone":2,"minecraft:deepslate_diamond_ore":2,"minecraft:potted_dead_bush":1,"minecraft:lever":1,"biomesoplenty:bush":1,"minecraft:grass_block":10,"born_in_chaos_v1:black_argillite":1,"minecraft:redstone_wire":1,"iter_rpg:big_vase":1,"minecraft:kelp":5,"minecraft:sandstone":1,"minecraft:spawner":9,"minecraft:tall_seagrass":1,"regions_unexplored:stone_bud":2,"minecraft:furnace":1,"minecraft:iron_ore":19,"minecraft:sticky_piston":3,"iter_rpg:etherbloom":1,"minecraft:deepslate_lapis_ore":1,"minecraft:dark_oak_stairs":1,"iceandfire:gold_pile":19,"minecraft:deepslate_iron_ore":9,"minecraft:vine":2,"minecraft:oak_stairs":1,"minecraft:iron_bars":2,"minecraft:spruce_wood":24,"minecraft:stone":146,"minecraft:brown_mushroom":1,"regions_unexplored:silver_birch_leaf_pile":1,"minecraft:kelp_plant":12,"minecraft:crafting_table":5,"regions_unexplored:peat_grass_block":1,"biomesoplenty:fir_planks":2,"minecraft:chest":4,"minecraft:sculk_sensor":1,"minecraft:tall_grass":7,"minecraft:oak_planks":1,"minecraft:chain":2,"minecraft:coarse_dirt":1,"biomesoplenty:fir_fence_gate":1,"biomesoplenty:fir_fence":3,"minecraft:birch_log":7,"biomesoplenty:pink_daffodil":4,"minecraft:spruce_log":83,"biomesoplenty:fir_log":115,"minecraft:grass":62,"minecraft:oak_log":96,"minecraft:coal_ore":19,"minecraft:dirt":20,"minecraft:cobweb":4,"minecraft:cracked_stone_bricks":1,"minecraft:stonecutter":1,"minecraft:stone_bricks":1,"minecraft:oak_leaves":8,"minecraft:deepslate":548,"minecraft:fern":14},"minecraft:dropped":{"minecraft:brown_mushroom":1,"minecraft:porkchop":5,"minecraft:oak_log":1,"minecraft:cobblestone":1,"born_in_chaos_v1:black_argillite":1,"minecraft:kelp":35,"spartanweaponry:iron_heavy_crossbow":1,"minecraft:oak_planks":26,"minecraft:cooked_mutton":2,"mores:sterling_leggings":1,"minecraft:leather_boots":1,"minecraft:stone_bricks":1,"minecraft:beef":4,"iceandfire:manuscript":1},"minecraft:killed_by":{"minecraft:zombie":1},"minecraft:custom":{"minecraft:mob_kills":182,"minecraft:animals_bred":7,"minecraft:interact_with_crafting_table":60,"minecraft:open_barrel":36,"minecraft:damage_dealt_resisted":3296,"minecraft:leave_game":3,"minecraft:time_since_death":15855,"minecraft:climb_one_cm":6107,"minecraft:sprint_one_cm":1162006,"minecraft:walk_one_cm":761865,"minecraft:drop":15,"minecraft:talked_to_villager":1,"minecraft:play_time":350317,"minecraft:sneak_time":29094,"minecraft:deaths":33,"minecraft:walk_under_water_one_cm":36126,"minecraft:boat_one_cm":224249,"minecraft:jump":4969,"minecraft:walk_on_water_one_cm":34703,"minecraft:total_world_time":350317,"minecraft:interact_with_furnace":28,"tombstone:raider_killed":2,"minecraft:interact_with_grindstone":2,"minecraft:interact_with_stonecutter":1,"minecraft:sleep_in_bed":26,"minecraft:time_since_rest":1814,"minecraft:damage_taken":12798,"minecraft:trigger_trapped_chest":2,"tombstone:sneak_grave":7,"minecraft:damage_dealt":25680,"minecraft:swim_one_cm":104712,"minecraft:fly_one_cm":1048323,"minecraft:open_chest":292,"minecraft:crouch_one_cm":24889,"tombstone:undead_killed":77,"minecraft:fall_one_cm":125871},"minecraft:picked_up":{"minecraft:fishing_rod":1,"minecraft:coarse_dirt":1,"minecraft:crafting_table":4,"minecraft:flower_pot":1,"minecraft:brown_mushroom":1,"minecraft:oak_stairs":1,"croptopia:calamari":2,"minecraft:chain":2,"born_in_chaos_v1:black_argillite":1,"minecraft:string":14,"iter_rpg:etherbloom":1,"born_in_chaos_v1:intoxicating_decoction":1,"minecraft:sticky_piston":3,"minecraft:beetroot":1,"minecraft:cracked_stone_bricks":1,"simplefarming:oat_seeds":1,"minecraft:gold_nugget":192,"minecraft:cobbled_deepslate":535,"biomesoplenty:fir_planks":2,"minecraft:bucket":1,"minecraft:spruce_planks":1,"minecraft:beef":24,"minecraft:oak_boat":8,"born_in_chaos_v1:stimulating_decoction":2,"minecraft:chest":4,"minecraft:furnace":1,"minecraft:egg":2,"minecraft:sandstone":1,"minecraft:tipped_arrow":8,"minecraft:stick":18,"minecraft:raw_iron":72,"born_in_chaos_v1:shattered_skull":1,"simplefarming:cantaloupe_seeds":1,"minecraft:torch":2,"simplefarming:yam_seeds":1,"minecraft:porkchop":18,"simplefarming:raspberries":3,"tombstone:grave_dust":5,"spelunkery:raw_magnetite_nugget":10,"born_in_chaos_v1:pieceofdarkmetal":3,"minecraft:carrot":7,"minecraft:redstone":3,"biomesoplenty:fir_fence_gate":1,"minecraft:arrow":30,"minecraft:rotten_flesh":29,"minecraft:beetroot_seeds":2,"minecraft:mutton":17,"minecraft:iron_bars":1,"minecraft:bone_block":26,"minecraft:white_wool":10,"minecraft:cobblestone":140,"born_in_chaos_v1:corpse_maggot":4,"born_in_chaos_v1:staffof_magic_arrows":1,"regions_unexplored:peat_dirt":1,"born_in_chaos_v1:monster_flesh":1,"simplefarming:soybean_seeds":1,"minecraft:repeater":1,"spartanweaponry:iron_battleaxe":1,"minecraft:leather":12,"minecraft:potato":31,"biomesoplenty:fir_sapling":1,"biomesoplenty:fir_log":75,"minecraft:tuff":27,"minecraft:oak_log":94,"regions_unexplored:red_maple_sapling":1,"minecraft:gunpowder":1,"simplefarming:broccoli_seeds":3,"minecraft:dirt":26,"spartanweaponry:iron_rapier":1,"minecraft:bone":38,"minecraft:apple":6,"minecraft:stone_bricks":2,"minecraft:kelp":35,"minecraft:stonecutter":1,"minecraft:wheat_seeds":14,"biomesoplenty:fir_boat":11,"minecraft:spruce_wood":20,"spelunkery:rough_lazurite":8,"minecraft:oak_planks":32,"spelunkery:rough_diamond_shard":4,"simplefarming:peanut_seeds":1,"minecraft:cooked_porkchop":4,"simplefarming:radish_seeds":2,"biomesoplenty:fir_fence":3,"minecraft:spruce_sapling":26,"minecraft:ink_sac":1,"minecraft:dead_bush":1,"minecraft:white_bed":6,"minecraft:spruce_log":83,"farmersdelight:ham":1,"minecraft:spider_eye":4,"minecraft:mossy_cobblestone":2,"minecraft:bundle":2,"enemyexpansion:trollface":1,"spelunkery:rough_lazurite_shard":28,"spelunkery:rough_diamond":3,"minecraft:lever":1,"croptopia:orange":1,"minecraft:painting":3,"upgrade_aquatic:pink_searocket":1,"spartanweaponry:iron_heavy_crossbow":1,"minecraft:gray_wool":1,"spelunkery:raw_iron_nugget":35,"minecraft:bread":2,"minecraft:oak_sapling":40,"tombstone:magic_scroll":1,"biomesoplenty:pink_daffodil":4,"argentinas_delight:cuernodetoro":4,"simplefarming:cotton_seeds":1,"minecraft:coal":146},"minecraft:crafted":{"minecraft:black_dye":1,"minecraft:oak_planks":68,"minecraft:furnace":1,"minecraft:cooked_mutton":1,"minecraft:glass":10,"vanillaplustools:iron_hammer":1,"travelersbackpack:white_sleeping_bag":1,"minecraft:iron_boots":1,"minecraft:iron_axe":1,"minecraft:stone_pickaxe":1,"minecraft:chest":16,"minecraft:stone_hoe":1,"minecraft:cooked_beef":3,"minecraft:coal_block":9,"biomesoplenty:fir_boat":1,"minecraft:cooked_porkchop":55,"minecraft:crafting_table":3,"minecraft:spruce_planks":32,"travelersbackpack:backpack_tank":2,"minecraft:iron_helmet":1,"minecraft:wooden_pickaxe":1,"travelersbackpack:standard":1,"minecraft:stone_axe":2,"minecraft:air":0,"biomesoplenty:fir_planks":286,"minecraft:oak_boat":1,"biomesoplenty:fir_fence":21,"minecraft:iron_chestplate":1,"minecraft:iron_pickaxe":9,"minecraft:stick":92,"minecraft:iron_ingot":20,"minecraft:wooden_axe":1,"minecraft:stone_sword":1,"minecraft:iron_leggings":2,"minecraft:gold_ingot":21,"minecraft:white_bed":2,"travelersbackpack:cow":1,"minecraft:torch":248,"biomesoplenty:fir_fence_gate":1},"minecraft:used":{"minecraft:beetroot":1,"minecraft:stone_sword":10,"minecraft:chest":16,"minecraft:iron_sword":249,"minecraft:stone_hoe":5,"minecraft:torch":249,"minecraft:dirt":3,"minecraft:carrot":2,"iter_rpg:etherbloom":1,"minecraft:tuff":7,"simplefarming:raspberries":3,"minecraft:milk_bucket":1,"minecraft:wooden_axe":44,"neapolitan:strawberry_scones":1,"minecraft:iron_axe":175,"minecraft:beef":1,"minecraft:oak_sapling":39,"minecraft:furnace":2,"biomesoplenty:fir_fence_gate":2,"mores:bronze_apple":1,"tombstone:gift":9,"minecraft:potato":33,"biomesoplenty:fir_fence":24,"minecraft:cooked_mutton":1,"farmersdelight:iron_knife":74,"born_in_chaos_v1:mint_ice_cream":1,"minecraft:water_bucket":7,"travelersbackpack:cow":2,"simplyswords:diamond_katana":115,"minecraft:stone_pickaxe":82,"minecraft:wooden_pickaxe":34,"minecraft:sandstone":1,"biomesoplenty:fir_planks":2,"biomesoplenty:fir_boat":11,"minecraft:stonecutter":1,"minecraft:crafting_table":6,"minecraft:white_bed":8,"minecraft:painting":4,"croptopia:orange":1,"minecraft:oak_log":2,"minecraft:apple":11,"biomesoplenty:pink_daffodil":4,"minecraft:bread":29,"minecraft:iron_pickaxe":226,"minecraft:spruce_sapling":16,"born_in_chaos_v1:staffof_magic_arrows":24,"upgrade_aquatic:pink_searocket":1,"minecraft:stone_axe":253,"minecraft:cobblestone":32,"vanillaplustools:iron_hammer":60,"minecraft:cooked_porkchop":25,"minecraft:oak_boat":9,"minecraft:bucket":7,"minecraft:pumpkin_pie":2},"minecraft:broken":{"minecraft:iron_chestplate":1,"minecraft:iron_leggings":1,"mores:cobalt_boots":1,"minecraft:iron_axe":1,"minecraft:stone_axe":1,"minecraft:iron_sword":1,"minecraft:iron_helmet":1,"minecraft:wooden_axe":1}},"DataVersion":3465}