{"stats":{"minecraft:killed_by":{"minecraft:zombie":1},"minecraft:crafted":{"minecraft:black_dye":1,"minecraft:oak_planks":68,"minecraft:chain":5,"minecraft:cooked_mutton":1,"minecraft:iron_bars":16,"minecraft:glass":10,"vanillaplustools:iron_hammer":1,"minecraft:iron_boots":2,"minecraft:chest":16,"minecraft:stone_hoe":1,"minecraft:dropper":3,"minecraft:cooked_porkchop":55,"minecraft:crafting_table":3,"minecraft:spruce_planks":76,"minecraft:wooden_pickaxe":1,"travelersbackpack:standard":1,"minecraft:iron_helmet":2,"biomesoplenty:fir_planks":286,"minecraft:dispenser":3,"minecraft:iron_chestplate":2,"naturescompass:naturescompass":1,"minecraft:stick":112,"minecraft:iron_ingot":20,"minecraft:iron_pickaxe":9,"minecraft:stone_sword":1,"minecraft:gold_ingot":21,"butcher:butchers_knife":1,"travelersbackpack:cow":1,"minecraft:spruce_fence_gate":1,"butcher:bloodgrate":5,"minecraft:leather_boots":1,"minecraft:iron_nugget":99,"minecraft:furnace":1,"minecraft:spruce_fence":24,"travelersbackpack:white_sleeping_bag":1,"minecraft:iron_axe":1,"minecraft:stone_pickaxe":1,"minecraft:spruce_boat":1,"minecraft:cooked_beef":3,"minecraft:coal_block":9,"biomesoplenty:fir_boat":1,"travelersbackpack:backpack_tank":2,"minecraft:stone_axe":2,"minecraft:air":0,"minecraft:oak_boat":1,"biomesoplenty:fir_fence":21,"butcher:hook":5,"minecraft:wooden_axe":1,"minecraft:iron_leggings":3,"minecraft:white_bed":2,"minecraft:torch":256,"biomesoplenty:fir_fence_gate":1},"minecraft:broken":{"minecraft:iron_chestplate":1,"minecraft:iron_leggings":1,"minecraft:stone_axe":1,"minecraft:iron_sword":1,"minecraft:wooden_axe":1,"mores:cobalt_boots":1,"minecraft:iron_axe":1,"minecraft:iron_helmet":1},"minecraft:dropped":{"minecraft:porkchop":5,"minecraft:brown_mushroom":1,"minecraft:oak_log":1,"untamedwilds:material_fat":1,"minecraft:bone_meal":1,"minecraft:white_wool":1,"spartanweaponry:iron_heavy_crossbow":1,"minecraft:cobbled_deepslate":64,"minecraft:oak_planks":26,"minecraft:cooked_mutton":2,"mores:sterling_leggings":1,"minecraft:leather_boots":1,"minecraft:beef":4,"iceandfire:manuscript":1,"regions_unexplored:blackwood_log":2,"minecraft:cobbled_deepslate_stairs":2,"minecraft:cobblestone":1,"minecraft:gray_wool":1,"born_in_chaos_v1:black_argillite":1,"minecraft:milk_bucket":1,"tombstone:grave_key":1,"born_in_chaos_v1:fused_bone":2,"minecraft:dandelion":1,"simplefarming:tomato_seeds":1,"minecraft:kelp":40,"minecraft:coarse_dirt":2,"minecraft:stone_bricks":1,"minecraft:purple_candle":1},"minecraft:picked_up":{"minecraft:wheat":3,"minecraft:flower_pot":1,"minecraft:oak_stairs":1,"butcher:raw_pork_shoulder":4,"croptopia:calamari":2,"tombstone:grave_key":1,"born_in_chaos_v1:black_argillite":1,"minecraft:string":15,"iter_rpg:etherbloom":1,"minecraft:sticky_piston":3,"minecraft:beetroot":1,"minecraft:gold_nugget":192,"minecraft:cobbled_deepslate":535,"minecraft:bucket":1,"biomesoplenty:fir_planks":2,"minecraft:spruce_planks":2,"born_in_chaos_v1:stimulating_decoction":2,"regions_unexplored:blackwood_log":2,"minecraft:furnace":1,"minecraft:tipped_arrow":8,"minecraft:stick":18,"born_in_chaos_v1:shattered_skull":1,"minecraft:torch":3,"minecraft:porkchop":25,"simplefarming:raspberries":3,"tombstone:grave_dust":11,"butcher:raw_pork_leg":4,"biomesoplenty:fir_fence_gate":1,"quark:clear_shard":2,"minecraft:rotten_flesh":44,"butcher:raw_pork_belly":4,"minecraft:iron_bars":1,"minecraft:cobblestone":140,"born_in_chaos_v1:staffof_magic_arrows":1,"minecraft:repeater":1,"butcher:pig_corpse_item":4,"spartanweaponry:iron_battleaxe":1,"minecraft:potato":49,"biomesoplenty:fir_sapling":1,"biomesoplenty:fir_log":75,"minecraft:tuff":27,"minecraft:dirt":87,"spartanweaponry:iron_rapier":1,"minecraft:bone":52,"minecraft:stonecutter":1,"minecraft:wheat_seeds":34,"biomesoplenty:fir_boat":16,"regions_unexplored:pink_bioshroom":2,"simplefarming:tomato_seeds":2,"minecraft:glowstone_dust":2,"minecraft:oak_planks":32,"spelunkery:rough_diamond_shard":4,"simplefarming:peanut_seeds":2,"regions_unexplored:tall_blue_bioshroom":5,"minecraft:cooked_porkchop":4,"simplefarming:radish_seeds":2,"minecraft:poisonous_potato":1,"butcher:raw_pork_ham":4,"minecraft:stripped_spruce_log":1,"biomesoplenty:fir_fence":3,"minecraft:ink_sac":1,"minecraft:dead_bush":1,"farmersdelight:ham":1,"minecraft:mossy_cobblestone":2,"minecraft:bundle":3,"minecraft:spruce_fence_gate":1,"spelunkery:rough_lazurite_shard":28,"minecraft:spruce_boat":2,"regions_unexplored:tall_pink_bioshroom":6,"minecraft:lever":1,"minecraft:bone_meal":1,"spartanweaponry:iron_heavy_crossbow":1,"minecraft:bread":2,"minecraft:oak_sapling":40,"biomesoplenty:pink_daffodil":5,"born_in_chaos_v1:rotten_fish":1,"minecraft:fishing_rod":1,"minecraft:coarse_dirt":1,"simplefarming:pea_seeds":1,"minecraft:crafting_table":4,"minecraft:brown_mushroom":1,"regions_unexplored:blue_bioshroom":2,"minecraft:chain":7,"minecraft:cornflower":3,"untamedwilds:food_bear_raw":8,"born_in_chaos_v1:intoxicating_decoction":1,"minecraft:cracked_stone_bricks":1,"simplefarming:oat_seeds":1,"minecraft:beef":28,"minecraft:oak_boat":8,"minecraft:chest":4,"minecraft:egg":2,"minecraft:raw_iron":72,"minecraft:sandstone":1,"butcher:pighead":4,"simplefarming:cantaloupe_seeds":1,"simplefarming:yam_seeds":2,"minecraft:spruce_fence":12,"minecraft:carrot":29,"untamedwilds:hide_black":2,"born_in_chaos_v1:pieceofdarkmetal":3,"spelunkery:raw_magnetite_nugget":10,"minecraft:redstone":3,"untamedwilds:hide_white":2,"minecraft:purple_candle":1,"minecraft:arrow":34,"minecraft:beetroot_seeds":2,"tombstone:essence_of_undeath":1,"butcher:raw_pork_loin":4,"minecraft:mutton":22,"minecraft:white_wool":14,"minecraft:bone_block":26,"born_in_chaos_v1:fused_bone":4,"born_in_chaos_v1:corpse_maggot":5,"regions_unexplored:peat_dirt":17,"simplefarming:soybean_seeds":1,"born_in_chaos_v1:monster_flesh":1,"minecraft:leather":18,"simplefarming:rye_seeds":1,"minecraft:oak_log":94,"regions_unexplored:red_maple_sapling":1,"minecraft:cobbled_deepslate_stairs":2,"minecraft:gunpowder":1,"simplefarming:broccoli_seeds":3,"minecraft:apple":6,"minecraft:stone_bricks":2,"minecraft:kelp":40,"untamedwilds:material_fat":5,"spelunkery:rough_lazurite":8,"minecraft:spruce_wood":20,"minecraft:iron_ingot":2,"minecraft:milk_bucket":1,"minecraft:dandelion":10,"minecraft:spruce_sapling":26,"minecraft:white_bed":6,"minecraft:spruce_log":96,"butcher:cowhoof":16,"minecraft:spider_eye":5,"enemyexpansion:trollface":1,"spelunkery:rough_diamond":3,"croptopia:orange":1,"minecraft:painting":3,"upgrade_aquatic:pink_searocket":1,"minecraft:gray_wool":2,"spelunkery:raw_iron_nugget":35,"tombstone:magic_scroll":1,"argentinas_delight:cuernodetoro":5,"simplefarming:cotton_seeds":1,"minecraft:coal":148},"minecraft:custom":{"minecraft:animals_bred":24,"minecraft:interact_with_crafting_table":80,"minecraft:open_barrel":46,"minecraft:leave_game":3,"minecraft:time_since_death":23285,"minecraft:sprint_one_cm":1575503,"minecraft:drop":94,"minecraft:talked_to_villager":1,"minecraft:play_time":480841,"minecraft:deaths":36,"minecraft:jump":7159,"minecraft:walk_on_water_one_cm":40469,"minecraft:interact_with_furnace":33,"minecraft:sleep_in_bed":36,"tombstone:sneak_grave":8,"minecraft:damage_dealt":34615,"minecraft:crouch_one_cm":28737,"tombstone:undead_killed":89,"minecraft:mob_kills":220,"minecraft:damage_dealt_resisted":4511,"minecraft:climb_one_cm":6107,"minecraft:walk_one_cm":1069674,"minecraft:sneak_time":33041,"minecraft:walk_under_water_one_cm":38297,"minecraft:boat_one_cm":348027,"minecraft:total_world_time":480841,"tombstone:raider_killed":3,"minecraft:interact_with_grindstone":3,"minecraft:interact_with_stonecutter":2,"minecraft:time_since_rest":9017,"minecraft:damage_taken":14968,"minecraft:trigger_trapped_chest":2,"minecraft:swim_one_cm":112246,"minecraft:fly_one_cm":1561231,"minecraft:open_chest":465,"minecraft:fall_one_cm":179856},"minecraft:mined":{"minecraft:spruce_planks":3,"minecraft:white_bed":4,"minecraft:farmland":2,"minecraft:potted_dead_bush":1,"minecraft:grass_block":48,"regions_unexplored:blue_bioshroom":2,"minecraft:spawner":12,"minecraft:tall_seagrass":1,"regions_unexplored:stone_bud":2,"minecraft:iron_ore":19,"minecraft:sticky_piston":3,"iter_rpg:etherbloom":1,"minecraft:deepslate_lapis_ore":1,"minecraft:dark_oak_stairs":1,"iceandfire:gold_pile":19,"minecraft:oak_stairs":1,"minecraft:iron_bars":2,"minecraft:spruce_wood":24,"minecraft:brown_mushroom":1,"minecraft:kelp_plant":12,"regions_unexplored:peat_grass_block":1,"minecraft:poppy":1,"minecraft:chest":4,"minecraft:oak_planks":1,"minecraft:chain":7,"minecraft:birch_log":7,"biomesoplenty:fir_log":115,"minecraft:grass":132,"minecraft:oak_log":96,"minecraft:dirt":24,"minecraft:stonecutter":1,"minecraft:oak_leaves":8,"minecraft:deepslate":548,"regions_unexplored:tall_pink_bioshroom":6,"minecraft:tuff":44,"minecraft:mossy_cobblestone":2,"minecraft:deepslate_diamond_ore":2,"minecraft:lever":1,"biomesoplenty:bush":1,"minecraft:spruce_fence":12,"born_in_chaos_v1:black_argillite":1,"minecraft:redstone_wire":1,"iter_rpg:big_vase":1,"minecraft:kelp":5,"minecraft:sandstone":1,"minecraft:furnace":1,"minecraft:deepslate_iron_ore":9,"minecraft:vine":2,"regions_unexplored:medium_grass":3,"minecraft:stone":146,"minecraft:white_wool":1,"regions_unexplored:silver_birch_leaf_pile":1,"regions_unexplored:pink_bioshroom":3,"minecraft:dandelion":10,"minecraft:crafting_table":5,"minecraft:cornflower":3,"biomesoplenty:fir_planks":2,"minecraft:sculk_sensor":1,"minecraft:tall_grass":11,"minecraft:coarse_dirt":1,"biomesoplenty:fir_fence_gate":1,"biomesoplenty:fir_fence":3,"biomesoplenty:pink_daffodil":4,"minecraft:spruce_log":96,"regions_unexplored:tall_blue_bioshroom":5,"minecraft:coal_ore":20,"minecraft:cobweb":4,"minecraft:cracked_stone_bricks":1,"minecraft:spruce_fence_gate":1,"minecraft:stone_bricks":1,"minecraft:fern":15},"minecraft:killed":{"minecraft:cave_spider":7,"minecraft:witch":1,"born_in_chaos_v1:skeleton_demoman":1,"born_in_chaos_v1:door_knight_not_despawn":2,"minecraft:spider":6,"born_in_chaos_v1:siamese_skeletonsright":1,"born_in_chaos_v1:baby_skeleton_minion":4,"minecraft:skeleton":10,"minecraft:pig":9,"alexsmobs:grizzly_bear":2,"untamedwilds:boar":1,"iter_rpg:spiderling":4,"minecraft:creeper":5,"minecraft:sheep":16,"untamedwilds:bear":2,"minecraft:pillager":2,"minecraft:zombie":32,"born_in_chaos_v1:dread_hound":1,"born_in_chaos_v1:corpse_fly":1,"enemyexpansion:botfly":28,"minecraft:stray":12,"born_in_chaos_v1:siamese_skeletonsleft":1,"minecraft:cow":15,"born_in_chaos_v1:zombie_clown_not_despawn":1,"born_in_chaos_v1:skeleton_thrasher_not_despawn":1,"enemyexpansion:direwolf":5,"born_in_chaos_v1:maggot":8,"minecraft:horse":2,"untamedwilds:catfish":1,"enemyexpansion:faller":1,"born_in_chaos_v1:bone_imp_minion":10,"naturalist:bear":2,"born_in_chaos_v1:baby_skeleton":1,"minecraft:bat":2,"enemyexpansion:sprinter":5,"minecraft:squid":2,"born_in_chaos_v1:decrepit_skeleton":6,"born_in_chaos_v1:bonescaller_not_despawn":2,"iter_rpg:giant_spider":1},"minecraft:used":{"minecraft:beetroot":1,"minecraft:chest":16,"minecraft:iron_sword":249,"minecraft:carrot":36,"minecraft:tuff":7,"simplefarming:raspberries":3,"minecraft:stripped_spruce_log":1,"minecraft:milk_bucket":1,"minecraft:spruce_boat":2,"regions_unexplored:blue_bioshroom":2,"minecraft:furnace":2,"minecraft:oak_sapling":39,"biomesoplenty:fir_fence_gate":2,"minecraft:potato":47,"biomesoplenty:fir_fence":24,"travelersbackpack:cow":6,"minecraft:stone_pickaxe":82,"minecraft:wooden_pickaxe":34,"minecraft:sandstone":1,"biomesoplenty:fir_planks":2,"biomesoplenty:fir_boat":17,"regions_unexplored:pink_bioshroom":2,"croptopia:orange":1,"minecraft:bread":29,"born_in_chaos_v1:staffof_magic_arrows":24,"tombstone:grave_key":3,"upgrade_aquatic:pink_searocket":1,"minecraft:chain":10,"minecraft:oak_boat":9,"minecraft:stone_sword":10,"minecraft:stone_hoe":127,"minecraft:torch":257,"minecraft:dirt":67,"iter_rpg:etherbloom":1,"minecraft:spruce_fence":33,"minecraft:wooden_axe":44,"neapolitan:strawberry_scones":2,"minecraft:iron_axe":201,"spartanweaponry:iron_rapier":3,"butcher:bloodgrate":5,"minecraft:beef":1,"mores:bronze_apple":1,"tombstone:gift":9,"regions_unexplored:tall_blue_bioshroom":5,"minecraft:wheat_seeds":16,"minecraft:cooked_mutton":1,"farmersdelight:iron_knife":74,"born_in_chaos_v1:mint_ice_cream":1,"minecraft:water_bucket":39,"simplyswords:diamond_katana":220,"butcher:butchers_knife":102,"regions_unexplored:peat_dirt":16,"minecraft:stonecutter":1,"minecraft:spruce_fence_gate":2,"regions_unexplored:tall_pink_bioshroom":3,"minecraft:crafting_table":6,"minecraft:white_bed":8,"minecraft:painting":4,"butcher:pig_corpse_item":4,"minecraft:spruce_log":17,"minecraft:oak_log":2,"minecraft:apple":11,"biomesoplenty:pink_daffodil":5,"minecraft:iron_pickaxe":238,"minecraft:spruce_sapling":16,"minecraft:stone_axe":253,"minecraft:cobblestone":32,"vanillaplustools:iron_hammer":60,"minecraft:cooked_porkchop":47,"minecraft:bucket":41,"minecraft:pumpkin_pie":2}},"DataVersion":3465}