{"stats":{"minecraft:killed":{"minecraft:pig":7,"minecraft:sheep":7,"minecraft:zombie":1,"minecraft:cow":5},"minecraft:mined":{"minecraft:white_bed":2,"minecraft:potted_dead_bush":1,"minecraft:lever":1,"biomesoplenty:bush":1,"minecraft:grass_block":10,"born_in_chaos_v1:black_argillite":1,"minecraft:redstone_wire":1,"minecraft:spawner":1,"minecraft:furnace":1,"minecraft:iron_ore":7,"minecraft:sticky_piston":3,"iter_rpg:etherbloom":1,"minecraft:dark_oak_stairs":1,"minecraft:vine":2,"minecraft:oak_stairs":1,"minecraft:spruce_wood":24,"minecraft:stone":36,"minecraft:brown_mushroom":1,"minecraft:crafting_table":5,"regions_unexplored:peat_grass_block":1,"minecraft:chest":4,"minecraft:sculk_sensor":1,"minecraft:tall_grass":6,"minecraft:oak_planks":1,"minecraft:birch_log":7,"minecraft:spruce_log":83,"biomesoplenty:fir_log":115,"minecraft:grass":42,"minecraft:oak_log":26,"minecraft:coal_ore":6,"minecraft:dirt":20,"minecraft:cobweb":3,"minecraft:cracked_stone_bricks":1,"minecraft:stonecutter":1,"minecraft:stone_bricks":1,"minecraft:oak_leaves":4,"minecraft:fern":14},"minecraft:dropped":{"minecraft:porkchop":5,"minecraft:brown_mushroom":1,"minecraft:oak_log":1,"minecraft:cobblestone":1,"born_in_chaos_v1:black_argillite":1,"spartanweaponry:iron_heavy_crossbow":1,"minecraft:oak_planks":26,"minecraft:cooked_mutton":2,"mores:sterling_leggings":1,"minecraft:leather_boots":1,"minecraft:stone_bricks":1,"minecraft:beef":4,"iceandfire:manuscript":1},"minecraft:custom":{"minecraft:mob_kills":20,"minecraft:interact_with_crafting_table":21,"minecraft:open_barrel":3,"minecraft:leave_game":1,"minecraft:time_since_death":24470,"minecraft:climb_one_cm":5266,"minecraft:sprint_one_cm":572437,"minecraft:walk_one_cm":246022,"minecraft:drop":14,"minecraft:talked_to_villager":1,"minecraft:play_time":122211,"minecraft:deaths":3,"minecraft:sneak_time":15091,"minecraft:walk_under_water_one_cm":1912,"minecraft:boat_one_cm":127034,"minecraft:jump":2197,"minecraft:walk_on_water_one_cm":5939,"minecraft:total_world_time":122211,"minecraft:interact_with_furnace":15,"minecraft:sleep_in_bed":9,"minecraft:time_since_rest":7554,"minecraft:damage_taken":1252,"minecraft:trigger_trapped_chest":2,"minecraft:damage_dealt":2150,"minecraft:swim_one_cm":10710,"minecraft:fly_one_cm":471318,"minecraft:open_chest":93,"minecraft:crouch_one_cm":15578,"tombstone:undead_killed":1,"minecraft:fall_one_cm":51172},"minecraft:picked_up":{"minecraft:fishing_rod":1,"minecraft:crafting_table":4,"minecraft:flower_pot":1,"minecraft:brown_mushroom":1,"minecraft:oak_stairs":1,"born_in_chaos_v1:black_argillite":1,"minecraft:string":3,"iter_rpg:etherbloom":1,"minecraft:sticky_piston":3,"minecraft:beetroot":1,"minecraft:cracked_stone_bricks":1,"simplefarming:oat_seeds":1,"minecraft:beef":9,"minecraft:oak_boat":8,"minecraft:chest":4,"minecraft:egg":1,"minecraft:furnace":1,"minecraft:stick":4,"minecraft:raw_iron":14,"simplefarming:cantaloupe_seeds":1,"minecraft:porkchop":18,"simplefarming:raspberries":3,"minecraft:carrot":7,"minecraft:redstone":3,"minecraft:beetroot_seeds":2,"minecraft:mutton":12,"minecraft:white_wool":7,"minecraft:cobblestone":34,"regions_unexplored:peat_dirt":1,"simplefarming:soybean_seeds":1,"minecraft:repeater":1,"minecraft:leather":6,"minecraft:potato":31,"biomesoplenty:fir_sapling":1,"biomesoplenty:fir_log":75,"minecraft:oak_log":24,"simplefarming:broccoli_seeds":3,"minecraft:dirt":26,"minecraft:bone":1,"minecraft:stone_bricks":2,"minecraft:stonecutter":1,"minecraft:wheat_seeds":10,"biomesoplenty:fir_boat":5,"minecraft:spruce_wood":20,"minecraft:oak_planks":32,"simplefarming:peanut_seeds":1,"minecraft:cooked_porkchop":4,"simplefarming:radish_seeds":2,"minecraft:spruce_sapling":26,"minecraft:spruce_log":83,"minecraft:white_bed":2,"minecraft:dead_bush":1,"farmersdelight:ham":1,"enemyexpansion:trollface":1,"minecraft:lever":1,"croptopia:orange":1,"minecraft:painting":3,"upgrade_aquatic:pink_searocket":1,"spartanweaponry:iron_heavy_crossbow":1,"minecraft:bread":2,"argentinas_delight:cuernodetoro":1,"minecraft:oak_sapling":2,"minecraft:coal":74},"minecraft:crafted":{"minecraft:oak_planks":68,"minecraft:furnace":1,"minecraft:cooked_mutton":1,"minecraft:stone_pickaxe":1,"minecraft:chest":12,"biomesoplenty:fir_boat":1,"minecraft:cooked_porkchop":6,"minecraft:crafting_table":3,"minecraft:spruce_planks":4,"minecraft:wooden_pickaxe":1,"minecraft:stone_axe":2,"minecraft:air":0,"biomesoplenty:fir_planks":76,"minecraft:oak_boat":1,"minecraft:stick":12,"minecraft:wooden_axe":1,"minecraft:stone_sword":1,"minecraft:white_bed":2,"minecraft:torch":12},"minecraft:used":{"minecraft:beetroot":1,"minecraft:stone_sword":10,"minecraft:chest":14,"minecraft:iron_sword":1,"minecraft:torch":11,"iter_rpg:etherbloom":1,"simplefarming:raspberries":3,"minecraft:wooden_axe":44,"neapolitan:strawberry_scones":1,"minecraft:beef":1,"minecraft:furnace":2,"minecraft:oak_sapling":1,"mores:bronze_apple":1,"minecraft:potato":33,"minecraft:cooked_mutton":1,"farmersdelight:iron_knife":27,"minecraft:stone_pickaxe":41,"minecraft:wooden_pickaxe":34,"biomesoplenty:fir_boat":5,"minecraft:stonecutter":1,"minecraft:crafting_table":6,"minecraft:white_bed":4,"minecraft:painting":4,"croptopia:orange":1,"minecraft:oak_log":2,"minecraft:bread":4,"upgrade_aquatic:pink_searocket":1,"minecraft:spruce_sapling":16,"minecraft:stone_axe":253,"minecraft:cooked_porkchop":9,"minecraft:pumpkin_pie":1,"minecraft:oak_boat":9},"minecraft:broken":{"minecraft:stone_axe":1,"minecraft:wooden_axe":1}},"DataVersion":3465}