{"stats":{"minecraft:killed":{"minecraft:pig":4,"minecraft:sheep":7,"minecraft:zombie":1,"minecraft:cow":2},"minecraft:custom":{"minecraft:interact_with_furnace":14,"minecraft:mob_kills":14,"minecraft:interact_with_crafting_table":14,"minecraft:time_since_death":16472,"minecraft:sleep_in_bed":4,"minecraft:time_since_rest":8565,"minecraft:sprint_one_cm":368923,"minecraft:damage_taken":660,"minecraft:walk_one_cm":145039,"minecraft:trigger_trapped_chest":1,"minecraft:drop":8,"minecraft:damage_dealt":1551,"minecraft:swim_one_cm":2483,"minecraft:fly_one_cm":296241,"minecraft:open_chest":16,"minecraft:crouch_one_cm":3436,"minecraft:play_time":66896,"tombstone:undead_killed":1,"minecraft:deaths":1,"minecraft:sneak_time":2791,"minecraft:walk_under_water_one_cm":1184,"minecraft:boat_one_cm":50267,"minecraft:jump":1327,"minecraft:walk_on_water_one_cm":2485,"minecraft:total_world_time":66896,"minecraft:fall_one_cm":31534},"minecraft:broken":{"minecraft:stone_axe":1,"minecraft:wooden_axe":1},"minecraft:used":{"minecraft:cooked_mutton":1,"minecraft:stone_sword":10,"minecraft:stone_pickaxe":22,"minecraft:chest":8,"minecraft:wooden_pickaxe":34,"minecraft:torch":4,"minecraft:crafting_table":5,"minecraft:white_bed":4,"croptopia:orange":1,"minecraft:oak_log":2,"minecraft:wooden_axe":44,"upgrade_aquatic:pink_searocket":1,"minecraft:spruce_sapling":16,"minecraft:stone_axe":213,"minecraft:beef":1,"minecraft:furnace":2,"minecraft:oak_sapling":1,"minecraft:cooked_porkchop":9,"mores:bronze_apple":1,"minecraft:oak_boat":6},"minecraft:mined":{"minecraft:white_bed":2,"minecraft:crafting_table":4,"minecraft:potted_dead_bush":1,"minecraft:grass_block":10,"born_in_chaos_v1:black_argillite":1,"minecraft:chest":4,"minecraft:tall_grass":6,"minecraft:spawner":1,"minecraft:furnace":1,"minecraft:iron_ore":6,"minecraft:spruce_log":82,"biomesoplenty:fir_log":115,"minecraft:grass":42,"minecraft:coal_ore":3,"minecraft:oak_log":26,"minecraft:vine":1,"minecraft:dirt":20,"minecraft:cobweb":3,"minecraft:cracked_stone_bricks":1,"minecraft:stonecutter":1,"minecraft:stone_bricks":1,"minecraft:stone":27,"minecraft:fern":14},"minecraft:dropped":{"minecraft:porkchop":5,"minecraft:oak_log":1,"minecraft:oak_planks":26,"minecraft:cooked_mutton":2,"born_in_chaos_v1:black_argillite":1,"minecraft:beef":4,"iceandfire:manuscript":1},"minecraft:crafted":{"minecraft:oak_planks":68,"minecraft:cooked_porkchop":6,"minecraft:crafting_table":2,"minecraft:wooden_pickaxe":1,"minecraft:furnace":1,"minecraft:stone_axe":2,"minecraft:cooked_mutton":1,"minecraft:air":0,"biomesoplenty:fir_planks":76,"minecraft:oak_boat":1,"minecraft:stick":8,"minecraft:stone_pickaxe":1,"minecraft:wooden_axe":1,"minecraft:stone_sword":1,"minecraft:chest":4,"minecraft:white_bed":2,"minecraft:torch":4},"minecraft:picked_up":{"minecraft:crafting_table":3,"simplefarming:soybean_seeds":1,"minecraft:flower_pot":1,"biomesoplenty:fir_sapling":1,"biomesoplenty:fir_log":75,"minecraft:oak_log":24,"born_in_chaos_v1:black_argillite":1,"simplefarming:broccoli_seeds":3,"minecraft:string":3,"minecraft:dirt":26,"minecraft:bone":1,"minecraft:stone_bricks":1,"minecraft:stonecutter":1,"minecraft:cracked_stone_bricks":1,"minecraft:wheat_seeds":10,"simplefarming:oat_seeds":1,"minecraft:beef":5,"minecraft:oak_boat":6,"minecraft:chest":4,"minecraft:oak_planks":31,"minecraft:egg":1,"minecraft:furnace":1,"simplefarming:peanut_seeds":1,"minecraft:stick":4,"minecraft:raw_iron":13,"simplefarming:cantaloupe_seeds":1,"minecraft:cooked_porkchop":4,"simplefarming:radish_seeds":2,"minecraft:porkchop":10,"minecraft:spruce_sapling":26,"minecraft:dead_bush":1,"minecraft:white_bed":2,"minecraft:spruce_log":82,"enemyexpansion:trollface":1,"croptopia:orange":1,"upgrade_aquatic:pink_searocket":1,"argentinas_delight:cuernodetoro":1,"minecraft:oak_sapling":2,"minecraft:mutton":12,"minecraft:coal":17,"minecraft:white_wool":7,"minecraft:cobblestone":25}},"DataVersion":3465}