{"stats":{"minecraft:killed":{"minecraft:sheep":4,"minecraft:pig":2,"minecraft:cow":2},"minecraft:custom":{"minecraft:time_since_rest":6896,"minecraft:crouch_one_cm":1234,"minecraft:play_time":6896,"minecraft:sprint_one_cm":58470,"minecraft:damage_taken":135,"minecraft:walk_one_cm":20749,"minecraft:sneak_time":839,"minecraft:mob_kills":8,"minecraft:drop":1,"minecraft:jump":46,"minecraft:damage_dealt":772,"minecraft:time_since_death":6896,"minecraft:total_world_time":6896,"minecraft:interact_with_crafting_table":1,"minecraft:fall_one_cm":1045,"minecraft:fly_one_cm":8367},"minecraft:used":{"minecraft:wooden_axe":18,"minecraft:beef":1,"minecraft:crafting_table":1},"minecraft:mined":{"minecraft:grass_block":3,"minecraft:oak_log":8,"minecraft:dirt":8,"minecraft:crafting_table":1},"minecraft:dropped":{"minecraft:oak_log":1},"minecraft:crafted":{"minecraft:oak_planks":28,"minecraft:crafting_table":1,"minecraft:stick":8,"minecraft:wooden_pickaxe":1,"minecraft:wooden_axe":1},"minecraft:picked_up":{"minecraft:crafting_table":1,"minecraft:beef":5,"minecraft:porkchop":5,"minecraft:oak_log":8,"argentinas_delight:cuernodetoro":1,"minecraft:dirt":9,"minecraft:mutton":7,"minecraft:white_wool":4,"minecraft:egg":1}},"DataVersion":3465}