{"stats":{"minecraft:crafted":{"minecraft:oak_planks":68,"biomesoplenty:fir_boat":1,"minecraft:cooked_porkchop":6,"minecraft:crafting_table":3,"minecraft:spruce_planks":4,"minecraft:wooden_pickaxe":1,"minecraft:furnace":1,"minecraft:stone_axe":2,"minecraft:cooked_mutton":1,"minecraft:air":0,"biomesoplenty:fir_planks":76,"minecraft:oak_boat":1,"minecraft:stick":12,"minecraft:stone_pickaxe":1,"minecraft:wooden_axe":1,"minecraft:stone_sword":1,"minecraft:chest":4,"minecraft:white_bed":2,"minecraft:torch":12},"minecraft:broken":{"minecraft:stone_axe":1,"minecraft:wooden_axe":1},"minecraft:dropped":{"minecraft:porkchop":5,"spartanweaponry:iron_heavy_crossbow":1,"minecraft:oak_log":1,"minecraft:cobblestone":1,"minecraft:oak_planks":26,"minecraft:cooked_mutton":2,"born_in_chaos_v1:black_argillite":1,"minecraft:beef":4,"iceandfire:manuscript":1},"minecraft:picked_up":{"regions_unexplored:peat_dirt":1,"minecraft:crafting_table":4,"simplefarming:soybean_seeds":1,"minecraft:repeater":1,"minecraft:flower_pot":1,"minecraft:leather":6,"minecraft:brown_mushroom":1,"minecraft:potato":31,"biomesoplenty:fir_sapling":1,"biomesoplenty:fir_log":75,"minecraft:oak_log":24,"simplefarming:broccoli_seeds":3,"born_in_chaos_v1:black_argillite":1,"minecraft:string":3,"minecraft:dirt":26,"iter_rpg:etherbloom":1,"minecraft:sticky_piston":3,"minecraft:bone":1,"minecraft:beetroot":1,"minecraft:stone_bricks":1,"biomesoplenty:fir_boat":1,"minecraft:cracked_stone_bricks":1,"minecraft:stonecutter":1,"minecraft:wheat_seeds":10,"simplefarming:oat_seeds":1,"minecraft:spruce_wood":20,"minecraft:beef":9,"minecraft:oak_boat":8,"minecraft:chest":4,"minecraft:oak_planks":31,"minecraft:furnace":1,"minecraft:egg":1,"simplefarming:peanut_seeds":1,"minecraft:stick":4,"minecraft:raw_iron":14,"minecraft:cooked_porkchop":4,"simplefarming:cantaloupe_seeds":1,"simplefarming:radish_seeds":2,"minecraft:porkchop":18,"simplefarming:raspberries":3,"minecraft:spruce_sapling":26,"minecraft:carrot":7,"minecraft:dead_bush":1,"minecraft:white_bed":2,"minecraft:spruce_log":83,"farmersdelight:ham":1,"minecraft:redstone":3,"enemyexpansion:trollface":1,"minecraft:beetroot_seeds":2,"minecraft:lever":1,"croptopia:orange":1,"minecraft:painting":1,"upgrade_aquatic:pink_searocket":1,"spartanweaponry:iron_heavy_crossbow":1,"minecraft:oak_sapling":2,"argentinas_delight:cuernodetoro":1,"minecraft:mutton":12,"minecraft:coal":38,"minecraft:white_wool":7,"minecraft:cobblestone":26},"minecraft:custom":{"minecraft:interact_with_furnace":14,"minecraft:mob_kills":20,"minecraft:interact_with_crafting_table":15,"minecraft:open_barrel":2,"minecraft:time_since_death":11267,"minecraft:sleep_in_bed":6,"minecraft:climb_one_cm":2423,"minecraft:time_since_rest":10614,"minecraft:sprint_one_cm":484331,"minecraft:damage_taken":1035,"minecraft:walk_one_cm":204189,"minecraft:trigger_trapped_chest":1,"minecraft:drop":10,"minecraft:damage_dealt":2150,"minecraft:swim_one_cm":10304,"minecraft:fly_one_cm":405107,"minecraft:open_chest":50,"minecraft:crouch_one_cm":15157,"minecraft:play_time":93949,"tombstone:undead_killed":1,"minecraft:deaths":2,"minecraft:sneak_time":6617,"minecraft:walk_under_water_one_cm":1822,"minecraft:boat_one_cm":104849,"minecraft:jump":1879,"minecraft:walk_on_water_one_cm":4746,"minecraft:total_world_time":93949,"minecraft:fall_one_cm":43998},"minecraft:mined":{"minecraft:brown_mushroom":1,"minecraft:white_bed":2,"minecraft:crafting_table":5,"minecraft:lever":1,"minecraft:potted_dead_bush":1,"biomesoplenty:bush":1,"minecraft:grass_block":10,"regions_unexplored:peat_grass_block":1,"minecraft:chest":4,"born_in_chaos_v1:black_argillite":1,"minecraft:redstone_wire":1,"minecraft:tall_grass":6,"minecraft:spawner":1,"minecraft:furnace":1,"minecraft:iron_ore":7,"minecraft:sticky_piston":3,"iter_rpg:etherbloom":1,"minecraft:spruce_log":83,"biomesoplenty:fir_log":115,"minecraft:dark_oak_stairs":1,"minecraft:grass":42,"minecraft:oak_log":26,"minecraft:coal_ore":4,"minecraft:vine":1,"minecraft:dirt":20,"minecraft:cobweb":3,"minecraft:cracked_stone_bricks":1,"minecraft:spruce_wood":24,"minecraft:stone":28,"minecraft:stonecutter":1,"minecraft:stone_bricks":1,"minecraft:fern":14},"minecraft:killed":{"minecraft:pig":7,"minecraft:sheep":7,"minecraft:zombie":1,"minecraft:cow":5},"minecraft:used":{"minecraft:beetroot":1,"minecraft:cooked_mutton":1,"farmersdelight:iron_knife":27,"minecraft:stone_sword":10,"minecraft:stone_pickaxe":28,"minecraft:chest":8,"minecraft:wooden_pickaxe":34,"biomesoplenty:fir_boat":1,"minecraft:stonecutter":1,"minecraft:torch":11,"minecraft:crafting_table":6,"minecraft:white_bed":4,"minecraft:painting":1,"simplefarming:raspberries":3,"croptopia:orange":1,"minecraft:oak_log":2,"minecraft:wooden_axe":44,"upgrade_aquatic:pink_searocket":1,"minecraft:spruce_sapling":16,"minecraft:stone_axe":243,"minecraft:beef":1,"minecraft:oak_sapling":1,"minecraft:furnace":2,"minecraft:cooked_porkchop":9,"mores:bronze_apple":1,"minecraft:oak_boat":9,"minecraft:pumpkin_pie":1,"minecraft:potato":33}},"DataVersion":3465}