{"stats":{"minecraft:killed":{"born_in_chaos_v1:baby_skeleton":1,"minecraft:spider":1,"born_in_chaos_v1:decrepit_skeleton":2,"minecraft:skeleton":1,"alexsmobs:catfish":1,"minecraft:zombie":1,"iter_rpg:scallop":1,"enemyexpansion:wasp":1,"minecraft:cow":1},"minecraft:custom":{"minecraft:interact_with_furnace":7,"minecraft:mob_kills":10,"minecraft:interact_with_crafting_table":7,"minecraft:open_barrel":6,"minecraft:damage_dealt_resisted":138,"minecraft:time_since_death":8804,"minecraft:sleep_in_bed":4,"minecraft:time_since_rest":8082,"minecraft:sprint_one_cm":179157,"minecraft:damage_taken":1655,"minecraft:walk_one_cm":180192,"minecraft:drop":3,"minecraft:damage_dealt":2264,"minecraft:swim_one_cm":20131,"minecraft:fly_one_cm":264097,"minecraft:open_chest":9,"minecraft:crouch_one_cm":7565,"minecraft:play_time":74187,"tombstone:undead_killed":5,"minecraft:deaths":3,"minecraft:sneak_time":14688,"minecraft:walk_under_water_one_cm":6795,"minecraft:boat_one_cm":12702,"minecraft:jump":1320,"minecraft:walk_on_water_one_cm":8652,"minecraft:total_world_time":74187,"minecraft:fall_one_cm":28593},"minecraft:broken":{"minecraft:stone_pickaxe":1},"minecraft:used":{"minecraft:cooked_mutton":7,"minecraft:stone_sword":56,"minecraft:stone_shovel":105,"minecraft:stone_pickaxe":131,"minecraft:oak_planks":45,"minecraft:wooden_pickaxe":24,"minecraft:torch":10,"minecraft:dirt":17,"minecraft:mushroom_stew":1,"minecraft:white_bed":1,"minecraft:spruce_log":16,"croptopia:orange":1,"upgrade_aquatic:pink_searocket":1,"minecraft:stone_axe":9,"ecologics:coconut_slice":2,"minecraft:cobblestone":91,"tombstone:gift":1,"minecraft:egg":2,"minecraft:cooked_beef":4},"minecraft:mined":{"minecraft:white_bed":1,"iceandfire:silver_ore":3,"minecraft:dandelion":1,"spelunkery:diorite_iron_ore":3,"minecraft:grass_block":97,"minecraft:tall_grass":17,"minecraft:cobblestone":1,"minecraft:lapis_ore":1,"minecraft:sugar_cane":15,"minecraft:oak_planks":8,"minecraft:wall_torch":4,"minecraft:spawner":3,"upgrade_aquatic:pink_searocket":1,"minecraft:iron_ore":9,"minecraft:spruce_log":1,"biomesoplenty:fir_log":5,"minecraft:grass":32,"minecraft:oak_log":5,"minecraft:coal_ore":6,"minecraft:dirt":5,"mores:silver_ore":13,"minecraft:raw_copper_block":1,"minecraft:stone":112,"spelunkery:diorite_copper_ore":3,"minecraft:fern":3},"minecraft:dropped":{"croptopia:orange":1,"enemyexpansion:trollface":1,"minecraft:oak_boat":1},"minecraft:crafted":{"minecraft:cooked_beef":4,"minecraft:oak_planks":24,"minecraft:stone_shovel":1,"minecraft:spruce_planks":12,"minecraft:wooden_pickaxe":1,"minecraft:stone_axe":1,"minecraft:air":0,"minecraft:cooked_mutton":11,"minecraft:stick":28,"minecraft:stone_pickaxe":1,"minecraft:stone_sword":1,"minecraft:torch":56},"minecraft:picked_up":{"minecraft:crafting_table":1,"simplefarming:pea_seeds":1,"minecraft:feather":4,"minecraft:chicken":1,"minecraft:leather":2,"enemyexpansion:wasp_thorax":1,"biomesoplenty:fir_log":5,"simplefarming:rye_seeds":1,"minecraft:oak_log":6,"iceandfire:manuscript":1,"minecraft:string":1,"minecraft:dirt":120,"minecraft:raw_copper":7,"simplefarming:sorghum_seeds":1,"minecraft:cooked_mutton":2,"minecraft:bone":5,"minecraft:wheat_seeds":11,"simplefarming:kenaf_seeds":1,"spelunkery:rough_lazurite":8,"minecraft:beef":7,"minecraft:oak_boat":1,"minecraft:sugar_cane":25,"simplefarming:barley_seeds":1,"minecraft:oak_planks":34,"minecraft:raw_copper_block":1,"minecraft:egg":2,"minecraft:stick":5,"minecraft:raw_iron":37,"iter_rpg:seashell":1,"simplefarming:cantaloupe_seeds":1,"ecologics:coconut_slice":2,"minecraft:torch":3,"minecraft:dandelion":2,"simplefarming:blueberries":2,"minecraft:porkchop":5,"minecraft:sand":7,"ecologics:coconut_husk":2,"minecraft:spruce_sapling":2,"minecraft:white_bed":1,"minecraft:spruce_log":1,"minecraft:spider_eye":1,"alexsmobs:raw_catfish":2,"enemyexpansion:trollface":1,"minecraft:arrow":2,"minecraft:rotten_flesh":5,"croptopia:orange":2,"upgrade_aquatic:pink_searocket":1,"minecraft:oak_sapling":2,"mores:raw_silver":13,"minecraft:coal":28,"iceandfire:raw_silver":3,"minecraft:cobblestone":113}},"DataVersion":3465}