{"stats":{"minecraft:custom":{"minecraft:interact_with_crafting_table":67,"minecraft:open_barrel":17,"minecraft:leave_game":1,"minecraft:time_since_death":255368,"minecraft:sprint_one_cm":920015,"minecraft:damage_blocked_by_shield":1250,"minecraft:drop":31,"minecraft:play_time":482126,"minecraft:deaths":7,"minecraft:jump":6086,"minecraft:interact_with_brewingstand":1,"minecraft:walk_on_water_one_cm":58949,"minecraft:interact_with_furnace":145,"minecraft:sleep_in_bed":35,"minecraft:damage_dealt":15301,"minecraft:crouch_one_cm":81980,"tombstone:undead_killed":42,"minecraft:mob_kills":98,"minecraft:damage_dealt_resisted":1620,"minecraft:climb_one_cm":2342,"minecraft:walk_one_cm":918160,"minecraft:sneak_time":49376,"minecraft:walk_under_water_one_cm":51878,"minecraft:boat_one_cm":12702,"minecraft:total_world_time":482126,"spartanshields:shield_bash_hits":14,"tombstone:raider_killed":1,"minecraft:interact_with_grindstone":30,"minecraft:interact_with_stonecutter":44,"minecraft:time_since_rest":5226,"minecraft:damage_taken":9973,"minecraft:swim_one_cm":121484,"minecraft:fly_one_cm":1116063,"minecraft:open_chest":309,"minecraft:fall_one_cm":141779},"minecraft:killed":{"minecraft:cave_spider":2,"minecraft:spider":9,"enemyexpansion:equestrian":1,"born_in_chaos_v1:baby_skeleton_minion":2,"minecraft:skeleton":6,"untamedwilds:giant_salamander":1,"born_in_chaos_v1:firelight_not_despawn":2,"born_in_chaos_v1:bonescaller":1,"minecraft:pig":1,"minecraft:sheep":4,"minecraft:pillager":1,"minecraft:zombie":20,"born_in_chaos_v1:corpse_fly":4,"enemyexpansion:botfly":9,"untamedwilds:bison":2,"born_in_chaos_v1:door_knight":1,"minecraft:cow":1,"enemyexpansion:wasp":1,"enemyexpansion:direwolf":1,"born_in_chaos_v1:maggot":8,"untamedwilds:catfish":2,"autumnity:turkey":2,"born_in_chaos_v1:baby_skeleton":1,"enemyexpansion:sprinter":2,"born_in_chaos_v1:decrepit_skeleton":7,"alexsmobs:catfish":1,"born_in_chaos_v1:bloody_gadfly":1,"born_in_chaos_v1:nightmare_stalker":1,"iter_rpg:scallop":1,"enemyexpansion:slugger":1},"minecraft:crafted":{"minecraft:brick":589,"minecraft:oak_planks":84,"minecraft:stone":142,"minecraft:cobblestone_stairs":20,"minecraft:diamond_shovel":1,"minecraft:cooked_mutton":36,"minecraft:glass":47,"minecraft:iron_boots":1,"cookingforblockheads:oven":1,"tombstone:grave_key":1,"autumnity:maple_planks":8,"alexsmobs:cooked_catfish":2,"minecraft:bricks":147,"minecraft:cooked_porkchop":3,"minecraft:crafting_table":1,"minecraft:spruce_planks":540,"minecraft:wooden_pickaxe":1,"minecraft:iron_helmet":1,"travelersbackpack:standard":1,"minecraft:polished_deepslate_slab":2,"minecraft:iron_chestplate":1,"minecraft:paper":6,"minecraft:charcoal":40,"minecraft:shield":1,"minecraft:stick":52,"minecraft:iron_ingot":37,"minecraft:iron_pickaxe":3,"minecraft:stone_sword":1,"minecraft:deepslate_tile_slab":2,"minecraft:oak_door":3,"minecraft:cobbled_deepslate_slab":18,"minecraft:raw_iron":5,"minecraft:stone_shovel":1,"minecraft:furnace":3,"woodworks:spruce_chest":1,"spartanweaponry:diamond_spear":1,"spelunkery:diamond_grindstone":1,"minecraft:spruce_stairs":64,"travelersbackpack:white_sleeping_bag":1,"mcwdoors:spruce_classic_door":2,"minecraft:polished_deepslate":2,"minecraft:iron_axe":3,"minecraft:stone_pickaxe":1,"minecraft:cobblestone_wall":13,"minecraft:cooked_beef":4,"spartanweaponry:pole":2,"travelersbackpack:backpack_tank":2,"minecraft:stone_axe":1,"minecraft:air":0,"minecraft:black_stained_glass":8,"spelunkery:charcoal_lump":8,"mcwdoors:print_oak":4,"minecraft:raw_gold":2,"minecraft:iron_shovel":2,"minecraft:torch":64},"minecraft:mined":{"minecraft:spruce_planks":6,"minecraft:white_bed":4,"minecraft:cobbled_deepslate_stairs":11,"minecraft:granite":2,"minecraft:grass_block":312,"autumnity:maple_log":2,"minecraft:spawner":3,"minecraft:tall_seagrass":2,"minecraft:iron_ore":21,"minecraft:fire":2,"minecraft:deepslate_lapis_ore":3,"minecraft:anvil":1,"minecraft:iron_block":2,"minecraft:deepslate_redstone_ore":2,"minecraft:clay":208,"minecraft:torch":1,"minecraft:glass":4,"minecraft:cobblestone":140,"minecraft:sugar_cane":15,"minecraft:oak_planks":62,"minecraft:wall_torch":10,"minecraft:seagrass":1,"minecraft:chain":1,"upgrade_aquatic:pink_searocket":1,"biomesoplenty:fir_log":5,"minecraft:grass":89,"minecraft:oak_log":12,"minecraft:sand":164,"minecraft:dirt":13,"mores:silver_ore":19,"minecraft:raw_copper_block":1,"minecraft:oak_leaves":2,"minecraft:deepslate":9,"create:zinc_ore":16,"spelunkery:granite_zinc_ore":1,"iceandfire:silver_ore":3,"minecraft:deepslate_diamond_ore":1,"farmersdelight:wild_carrots":1,"minecraft:cobbled_deepslate_slab":2,"biomesoplenty:bush":1,"minecraft:brick_stairs":38,"minecraft:spruce_leaves":26,"minecraft:furnace":1,"minecraft:carrots":1,"minecraft:andesite":2,"minecraft:stripped_spruce_log":11,"minecraft:deepslate_iron_ore":6,"minecraft:stone":298,"minecraft:white_wool":1,"minecraft:smithing_table":1,"minecraft:dandelion":2,"spelunkery:diorite_iron_ore":3,"minecraft:crafting_table":1,"woodworks:oak_chest":1,"minecraft:tall_grass":46,"minecraft:lapis_ore":3,"minecraft:deepslate_gold_ore":3,"minecraft:diorite":3,"minecraft:spruce_stairs":53,"minecraft:cobblestone_wall":5,"minecraft:spruce_log":334,"regions_unexplored:red_maple_leaf_pile":2,"minecraft:yellow_bed":1,"minecraft:coal_ore":15,"minecraft:cobweb":1,"minecraft:stone_bricks":34,"minecraft:gold_ore":4,"spelunkery:diorite_copper_ore":3,"minecraft:fern":3},"minecraft:broken":{"minecraft:iron_shovel":1,"minecraft:stone_pickaxe":1,"minecraft:stone_axe":1,"minecraft:shield":1,"minecraft:iron_axe":1,"minecraft:leather_boots":1,"minecraft:iron_pickaxe":2,"minecraft:iron_helmet":1},"minecraft:dropped":{"untamedwilds:material_fat":6,"minecraft:item_frame":37,"simplefarming:rye_seeds":1,"enemyexpansion:trollface":1,"minecraft:bone":1,"born_in_chaos_v1:fire_dust":1,"minecraft:rotten_flesh":4,"minecraft:wheat_seeds":7,"croptopia:orange":1,"minecraft:cobblestone":1,"tombstone:grave_key":1,"minecraft:string":1,"minecraft:oak_boat":1},"minecraft:picked_up":{"minecraft:anvil":1,"autumnity:maple_log":2,"minecraft:smithing_table":1,"enemyexpansion:wasp_thorax":1,"minecraft:enchanted_book":2,"tombstone:grave_key":1,"born_in_chaos_v1:black_argillite":1,"iceandfire:manuscript":1,"minecraft:string":15,"simplefarming:zucchini_seeds":1,"minecraft:raw_copper":7,"woodworks:oak_chest":1,"minecraft:cobbled_deepslate":73,"minecraft:bucket":1,"minecraft:spruce_planks":7,"minecraft:furnace":1,"minecraft:golden_helmet":1,"minecraft:stick":28,"spelunkery:rough_cinnabar_shard":23,"minecraft:torch":14,"minecraft:spruce_stairs":52,"minecraft:porkchop":8,"tombstone:grave_dust":8,"minecraft:diorite":3,"born_in_chaos_v1:nightmare_claw":1,"quark:clear_shard":13,"minecraft:rotten_flesh":30,"minecraft:iron_block":2,"autumnity:turkey":2,"minecraft:cod":2,"minecraft:cobblestone":439,"minecraft:feather":8,"minecraft:andesite":2,"biomesoplenty:fir_log":5,"spelunkery:rough_cinnabar":9,"create:raw_zinc":17,"mores:steel_ingot":3,"minecraft:dirt":364,"born_in_chaos_v1:monster_skin":2,"minecraft:leather_boots":1,"simplefarming:cucumber_seeds":1,"minecraft:bone":20,"minecraft:bow":2,"mores:steel_shovel":1,"minecraft:wheat_seeds":21,"simplefarming:kenaf_seeds":1,"minecraft:raw_gold":9,"minecraft:cobbled_deepslate_slab":2,"mores:sterling_pickaxe":1,"minecraft:oak_planks":88,"spelunkery:rough_diamond_shard":3,"simplefarming:corn_seeds":1,"iter_rpg:seashell":1,"minecraft:sand":182,"ecologics:coconut_husk":2,"minecraft:stripped_spruce_log":11,"minecraft:bundle":1,"born_in_chaos_v1:fire_dust":1,"spelunkery:rough_lazurite_shard":23,"minecraft:granite":3,"minecraft:bread":4,"spelunkery:raw_gold_nugget":12,"mores:raw_silver":19,"minecraft:oak_sapling":2,"iceandfire:raw_silver":3,"minecraft:crafting_table":2,"simplefarming:pea_seeds":1,"minecraft:chicken":1,"minecraft:clay_ball":832,"born_in_chaos_v1:seedof_chaos":1,"minecraft:chain":1,"regions_unexplored:red_maple_leaf_pile":4,"minecraft:iron_axe":1,"simplefarming:sorghum_seeds":1,"minecraft:item_frame":40,"minecraft:beef":7,"minecraft:oak_boat":1,"minecraft:poppy":1,"minecraft:light_gray_wool":1,"minecraft:sugar_cane":25,"simplefarming:barley_seeds":1,"minecraft:egg":2,"minecraft:raw_copper_block":1,"minecraft:raw_iron":103,"simplefarming:cantaloupe_seeds":1,"ecologics:coconut_slice":2,"minecraft:carrot":4,"born_in_chaos_v1:pieceofdarkmetal":1,"spelunkery:raw_magnetite_nugget":6,"minecraft:arrow":27,"minecraft:brick_stairs":38,"minecraft:mutton":4,"minecraft:white_wool":5,"born_in_chaos_v1:corpse_maggot":9,"simplefarming:soybean_seeds":1,"minecraft:leather":4,"mores:sterling_leggings":1,"simplefarming:rye_seeds":3,"minecraft:oak_log":13,"minecraft:yellow_bed":1,"minecraft:gunpowder":2,"minecraft:cobbled_deepslate_stairs":11,"minecraft:cobblestone_wall":5,"minecraft:cooked_mutton":2,"minecraft:stone_bricks":33,"untamedwilds:material_fat":6,"spelunkery:rough_lazurite":21,"simplefarming:honeydew_seeds":1,"minecraft:iron_ingot":1,"minecraft:dandelion":4,"simplefarming:blueberries":2,"minecraft:spruce_sapling":43,"minecraft:white_bed":2,"minecraft:spruce_log":334,"minecraft:spider_eye":3,"spartanweaponry:iron_battle_hammer":1,"enemyexpansion:trollface":1,"alexsmobs:raw_catfish":2,"spelunkery:rough_diamond":2,"croptopia:orange":11,"upgrade_aquatic:pink_searocket":1,"spelunkery:raw_iron_nugget":50,"tombstone:magic_scroll":1,"minecraft:coal":123},"minecraft:used":{"neapolitan:strawberries":53,"minecraft:iron_shovel":284,"minecraft:poppy":1,"minecraft:shield":41,"minecraft:iron_sword":180,"minecraft:rotten_flesh":1,"minecraft:iron_chestplate":1,"minecraft:carrot":4,"minecraft:stripped_spruce_log":5,"cookingforblockheads:oven":1,"minecraft:glass":28,"minecraft:iron_helmet":1,"minecraft:stone_bricks":142,"minecraft:item_frame":3,"minecraft:furnace":3,"minecraft:egg":2,"regions_unexplored:red_maple_leaf_pile":4,"minecraft:stone_pickaxe":131,"minecraft:oak_planks":160,"minecraft:wooden_pickaxe":25,"minecraft:white_wool":2,"minecraft:sand":20,"minecraft:mushroom_stew":1,"minecraft:cobbled_deepslate_stairs":102,"croptopia:orange":1,"minecraft:bread":51,"upgrade_aquatic:pink_searocket":1,"ecologics:coconut_slice":2,"mcwdoors:spruce_classic_door":1,"minecraft:stone_sword":56,"minecraft:stone_shovel":133,"minecraft:spruce_planks":308,"minecraft:torch":31,"minecraft:dirt":251,"minecraft:spruce_stairs":29,"minecraft:cobblestone_wall":23,"spartanweaponry:iron_longbow":17,"minecraft:granite":2,"spartanweaponry:diamond_spear":88,"minecraft:iron_axe":387,"minecraft:brick_stairs":185,"minecraft:iron_boots":4,"spartanweaponry:iron_battle_hammer":1,"tombstone:gift":5,"minecraft:cooked_beef":16,"minecraft:cooked_mutton":26,"alexsmobs:cooked_catfish":2,"minecraft:crafting_table":1,"minecraft:white_bed":2,"minecraft:spruce_log":97,"minecraft:cornflower":3,"minecraft:diamond_shovel":291,"minecraft:iron_pickaxe":503,"minecraft:stone_axe":133,"minecraft:cobblestone":157,"travelersbackpack:standard":1,"minecraft:cobbled_deepslate_slab":17,"minecraft:cooked_porkchop":4,"spelunkery:diamond_grindstone":1,"minecraft:dandelion":1}},"DataVersion":3465}