{"stats":{"minecraft:killed":{"born_in_chaos_v1:baby_skeleton":1,"minecraft:spider":1,"minecraft:skeleton":1,"minecraft:zombie":1,"iter_rpg:scallop":1,"enemyexpansion:wasp":1,"minecraft:cow":1},"minecraft:custom":{"minecraft:interact_with_furnace":5,"minecraft:mob_kills":7,"minecraft:interact_with_crafting_table":7,"minecraft:time_since_death":29926,"minecraft:sleep_in_bed":3,"minecraft:time_since_rest":10129,"minecraft:sprint_one_cm":154666,"minecraft:damage_taken":1320,"minecraft:walk_one_cm":138580,"minecraft:drop":2,"minecraft:damage_dealt":1274,"minecraft:swim_one_cm":3182,"minecraft:fly_one_cm":229164,"minecraft:open_chest":2,"minecraft:crouch_one_cm":6816,"minecraft:play_time":62187,"tombstone:undead_killed":3,"minecraft:deaths":2,"minecraft:sneak_time":14308,"minecraft:walk_under_water_one_cm":1603,"minecraft:boat_one_cm":12702,"minecraft:jump":1095,"minecraft:walk_on_water_one_cm":5811,"minecraft:total_world_time":62187,"minecraft:fall_one_cm":26471},"minecraft:broken":{"minecraft:stone_pickaxe":1},"minecraft:used":{"minecraft:cooked_mutton":6,"minecraft:stone_sword":32,"minecraft:stone_shovel":103,"minecraft:stone_pickaxe":131,"minecraft:oak_planks":45,"minecraft:wooden_pickaxe":14,"minecraft:torch":7,"minecraft:dirt":17,"minecraft:white_bed":1,"minecraft:spruce_log":16,"croptopia:orange":1,"upgrade_aquatic:pink_searocket":1,"minecraft:stone_axe":9,"ecologics:coconut_slice":2,"minecraft:cobblestone":81,"tombstone:gift":1,"minecraft:egg":2,"minecraft:cooked_beef":4},"minecraft:mined":{"minecraft:white_bed":1,"iceandfire:silver_ore":3,"minecraft:dandelion":1,"spelunkery:diorite_iron_ore":3,"minecraft:grass_block":97,"minecraft:tall_grass":17,"minecraft:cobblestone":1,"minecraft:lapis_ore":1,"minecraft:sugar_cane":15,"minecraft:oak_planks":8,"minecraft:wall_torch":1,"upgrade_aquatic:pink_searocket":1,"minecraft:iron_ore":9,"minecraft:spruce_log":1,"biomesoplenty:fir_log":5,"minecraft:grass":31,"minecraft:oak_log":5,"minecraft:coal_ore":6,"minecraft:dirt":3,"mores:silver_ore":13,"minecraft:raw_copper_block":1,"minecraft:stone":105,"spelunkery:diorite_copper_ore":3,"minecraft:fern":3},"minecraft:dropped":{"croptopia:orange":1,"minecraft:oak_boat":1},"minecraft:crafted":{"minecraft:cooked_beef":4,"minecraft:oak_planks":24,"minecraft:stone_shovel":1,"minecraft:spruce_planks":12,"minecraft:wooden_pickaxe":1,"minecraft:stone_axe":1,"minecraft:air":0,"minecraft:cooked_mutton":6,"minecraft:stick":28,"minecraft:stone_pickaxe":1,"minecraft:stone_sword":1,"minecraft:torch":56},"minecraft:picked_up":{"minecraft:crafting_table":1,"simplefarming:pea_seeds":1,"minecraft:feather":4,"minecraft:chicken":1,"minecraft:leather":2,"enemyexpansion:wasp_thorax":1,"biomesoplenty:fir_log":5,"simplefarming:rye_seeds":1,"minecraft:oak_log":6,"iceandfire:manuscript":1,"minecraft:string":1,"minecraft:dirt":100,"minecraft:raw_copper":7,"simplefarming:sorghum_seeds":1,"minecraft:cooked_mutton":2,"minecraft:bone":1,"minecraft:wheat_seeds":8,"simplefarming:kenaf_seeds":1,"spelunkery:rough_lazurite":8,"minecraft:beef":7,"minecraft:oak_boat":1,"minecraft:sugar_cane":25,"simplefarming:barley_seeds":1,"minecraft:oak_planks":34,"minecraft:raw_copper_block":1,"minecraft:egg":2,"minecraft:stick":5,"minecraft:raw_iron":37,"iter_rpg:seashell":1,"ecologics:coconut_slice":2,"minecraft:torch":1,"minecraft:dandelion":2,"minecraft:porkchop":5,"ecologics:coconut_husk":2,"minecraft:spruce_sapling":2,"minecraft:white_bed":1,"minecraft:spruce_log":1,"minecraft:spider_eye":1,"minecraft:arrow":2,"minecraft:rotten_flesh":1,"croptopia:orange":2,"upgrade_aquatic:pink_searocket":1,"minecraft:oak_sapling":2,"mores:raw_silver":13,"minecraft:coal":28,"iceandfire:raw_silver":3,"minecraft:cobblestone":105}},"DataVersion":3465}