{"stats":{"minecraft:killed":{"minecraft:cow":1,"enemyexpansion:wasp":1},"minecraft:custom":{"minecraft:time_since_rest":5402,"minecraft:interact_with_furnace":4,"minecraft:sprint_one_cm":101223,"minecraft:damage_taken":780,"minecraft:walk_one_cm":42512,"minecraft:mob_kills":2,"minecraft:damage_dealt":534,"minecraft:interact_with_crafting_table":5,"minecraft:swim_one_cm":2714,"minecraft:fly_one_cm":143854,"minecraft:crouch_one_cm":6723,"minecraft:play_time":38187,"minecraft:deaths":2,"minecraft:sneak_time":14270,"minecraft:walk_under_water_one_cm":481,"minecraft:boat_one_cm":12702,"minecraft:jump":584,"minecraft:walk_on_water_one_cm":3246,"minecraft:time_since_death":5926,"minecraft:sleep_in_bed":1,"minecraft:total_world_time":38187,"minecraft:fall_one_cm":14280},"minecraft:used":{"minecraft:cooked_mutton":3,"minecraft:stone_sword":13,"minecraft:stone_pickaxe":78,"minecraft:wooden_pickaxe":14,"tombstone:gift":1,"minecraft:egg":2,"minecraft:cooked_beef":2,"croptopia:orange":1},"minecraft:mined":{"minecraft:white_bed":1,"minecraft:spruce_log":1,"minecraft:grass":10,"minecraft:coal_ore":2,"minecraft:oak_log":5,"minecraft:tall_grass":6,"minecraft:stone":90,"minecraft:sugar_cane":15,"minecraft:fern":3},"minecraft:crafted":{"minecraft:cooked_beef":4,"minecraft:oak_planks":24,"minecraft:wooden_pickaxe":1,"minecraft:stone_pickaxe":1,"minecraft:stone_sword":1,"minecraft:cooked_mutton":6,"minecraft:air":0},"minecraft:picked_up":{"minecraft:stick":5,"minecraft:leather":2,"enemyexpansion:wasp_thorax":1,"minecraft:porkchop":5,"minecraft:oak_log":6,"minecraft:spruce_sapling":2,"minecraft:white_bed":1,"minecraft:spruce_log":1,"minecraft:wheat_seeds":3,"croptopia:orange":1,"minecraft:beef":7,"minecraft:oak_boat":1,"minecraft:oak_sapling":2,"minecraft:sugar_cane":25,"minecraft:coal":10,"minecraft:cobblestone":89,"minecraft:egg":2}},"DataVersion":3465}