{"stats":{"minecraft:custom":{"minecraft:jump":50,"minecraft:time_since_rest":3565,"minecraft:walk_on_water_one_cm":885,"minecraft:sprint_one_cm":7017,"minecraft:crouch_one_cm":6723,"minecraft:play_time":14187,"minecraft:damage_taken":235,"minecraft:time_since_death":0,"minecraft:walk_one_cm":20,"minecraft:sneak_time":14187,"minecraft:total_world_time":14187,"minecraft:fall_one_cm":962,"minecraft:fly_one_cm":12696,"minecraft:deaths":1},"minecraft:mined":{"minecraft:tall_grass":2,"minecraft:grass":3,"minecraft:oak_log":5,"minecraft:sugar_cane":15},"minecraft:crafted":{"minecraft:oak_planks":20},"minecraft:picked_up":{"minecraft:stick":4,"minecraft:oak_log":5,"minecraft:oak_sapling":1,"minecraft:sugar_cane":25,"minecraft:wheat_seeds":1}},"DataVersion":3465}