{"stats":{"minecraft:custom":{"minecraft:time_since_rest":37,"minecraft:interact_with_furnace":4,"minecraft:crouch_one_cm":6723,"minecraft:deaths":1,"minecraft:play_time":26187,"minecraft:sprint_one_cm":24930,"minecraft:damage_taken":280,"minecraft:walk_one_cm":22819,"minecraft:sneak_time":14235,"minecraft:walk_under_water_one_cm":481,"minecraft:jump":163,"minecraft:damage_dealt":9,"minecraft:time_since_death":11952,"minecraft:walk_on_water_one_cm":2932,"minecraft:sleep_in_bed":1,"minecraft:total_world_time":26187,"minecraft:swim_one_cm":2714,"minecraft:interact_with_crafting_table":4,"minecraft:fall_one_cm":3857,"minecraft:fly_one_cm":34871},"minecraft:used":{"minecraft:stone_pickaxe":71,"minecraft:wooden_pickaxe":14},"minecraft:mined":{"minecraft:grass":3,"minecraft:oak_log":5,"minecraft:tall_grass":2,"minecraft:stone":85,"minecraft:sugar_cane":15,"minecraft:fern":3},"minecraft:crafted":{"minecraft:cooked_beef":4,"minecraft:oak_planks":24,"minecraft:air":0,"minecraft:cooked_mutton":6,"minecraft:wooden_pickaxe":1,"minecraft:stone_pickaxe":1},"minecraft:picked_up":{"minecraft:stick":5,"minecraft:wheat_seeds":1,"minecraft:porkchop":5,"minecraft:beef":4,"minecraft:spruce_sapling":2,"minecraft:oak_log":6,"minecraft:oak_sapling":2,"minecraft:sugar_cane":25,"minecraft:cobblestone":84,"minecraft:egg":2}},"DataVersion":3465}