{"stats":{"minecraft:killed":{"iter_rpg:scallop":1,"enemyexpansion:wasp":1,"minecraft:cow":1},"minecraft:custom":{"minecraft:interact_with_furnace":5,"minecraft:mob_kills":3,"minecraft:interact_with_crafting_table":7,"minecraft:time_since_death":17926,"minecraft:sleep_in_bed":2,"minecraft:time_since_rest":11282,"minecraft:sprint_one_cm":119594,"minecraft:damage_taken":990,"minecraft:walk_one_cm":103099,"minecraft:drop":2,"minecraft:damage_dealt":694,"minecraft:swim_one_cm":2714,"minecraft:fly_one_cm":191749,"minecraft:crouch_one_cm":6816,"minecraft:play_time":50187,"minecraft:deaths":2,"minecraft:sneak_time":14308,"minecraft:walk_under_water_one_cm":1489,"minecraft:boat_one_cm":12702,"minecraft:jump":810,"minecraft:walk_on_water_one_cm":4478,"minecraft:total_world_time":50187,"minecraft:fall_one_cm":20093},"minecraft:used":{"minecraft:cooked_mutton":3,"minecraft:stone_sword":18,"minecraft:stone_shovel":103,"minecraft:stone_pickaxe":85,"minecraft:oak_planks":45,"minecraft:wooden_pickaxe":14,"minecraft:dirt":17,"minecraft:white_bed":1,"minecraft:spruce_log":1,"croptopia:orange":1,"minecraft:stone_axe":6,"minecraft:cobblestone":81,"tombstone:gift":1,"minecraft:egg":2,"minecraft:cooked_beef":4},"minecraft:mined":{"minecraft:white_bed":1,"iceandfire:silver_ore":1,"minecraft:dandelion":1,"minecraft:grass_block":97,"minecraft:tall_grass":17,"minecraft:cobblestone":1,"minecraft:sugar_cane":15,"minecraft:oak_planks":5,"upgrade_aquatic:pink_searocket":1,"minecraft:iron_ore":1,"minecraft:spruce_log":1,"biomesoplenty:fir_log":5,"minecraft:grass":31,"minecraft:oak_log":5,"minecraft:coal_ore":5,"minecraft:dirt":3,"mores:silver_ore":1,"minecraft:stone":90,"minecraft:fern":3},"minecraft:dropped":{"croptopia:orange":1,"minecraft:oak_boat":1},"minecraft:crafted":{"minecraft:cooked_beef":4,"minecraft:oak_planks":24,"minecraft:stone_shovel":1,"minecraft:wooden_pickaxe":1,"minecraft:stone_axe":1,"minecraft:air":0,"minecraft:cooked_mutton":6,"minecraft:stick":4,"minecraft:stone_pickaxe":1,"minecraft:stone_sword":1},"minecraft:picked_up":{"simplefarming:pea_seeds":1,"minecraft:feather":4,"minecraft:chicken":1,"minecraft:leather":2,"enemyexpansion:wasp_thorax":1,"biomesoplenty:fir_log":5,"simplefarming:rye_seeds":1,"minecraft:oak_log":6,"iceandfire:manuscript":1,"minecraft:dirt":100,"simplefarming:sorghum_seeds":1,"minecraft:wheat_seeds":8,"simplefarming:kenaf_seeds":1,"minecraft:beef":7,"minecraft:oak_boat":1,"minecraft:sugar_cane":25,"simplefarming:barley_seeds":1,"minecraft:oak_planks":31,"minecraft:egg":2,"minecraft:stick":5,"minecraft:raw_iron":1,"iter_rpg:seashell":1,"ecologics:coconut_slice":2,"minecraft:dandelion":2,"minecraft:porkchop":5,"minecraft:spruce_sapling":2,"minecraft:white_bed":1,"minecraft:spruce_log":1,"croptopia:orange":2,"upgrade_aquatic:pink_searocket":1,"minecraft:oak_sapling":2,"mores:raw_silver":1,"minecraft:coal":14,"iceandfire:raw_silver":1,"minecraft:cobblestone":90}},"DataVersion":3465}