{"stats":{"minecraft:crafted":{"minecraft:brick":13,"minecraft:oak_door":3,"minecraft:oak_planks":24,"minecraft:stone_shovel":1,"minecraft:furnace":2,"minecraft:stone":136,"minecraft:cooked_mutton":11,"minecraft:glass":23,"minecraft:spruce_stairs":64,"mcwdoors:spruce_classic_door":2,"minecraft:iron_axe":2,"minecraft:stone_pickaxe":1,"minecraft:cobblestone_wall":9,"alexsmobs:cooked_catfish":2,"minecraft:bricks":3,"minecraft:cooked_beef":4,"minecraft:spruce_planks":144,"minecraft:wooden_pickaxe":1,"minecraft:stone_axe":1,"minecraft:air":0,"mcwdoors:print_oak":4,"minecraft:paper":6,"minecraft:charcoal":28,"minecraft:stick":28,"minecraft:iron_ingot":37,"minecraft:iron_pickaxe":1,"minecraft:stone_sword":1,"minecraft:iron_shovel":1,"minecraft:torch":56},"minecraft:broken":{"minecraft:stone_pickaxe":1,"minecraft:iron_axe":1,"minecraft:stone_axe":1},"minecraft:dropped":{"croptopia:orange":1,"enemyexpansion:trollface":1,"born_in_chaos_v1:fire_dust":1,"minecraft:oak_boat":1},"minecraft:picked_up":{"simplefarming:pea_seeds":1,"minecraft:crafting_table":1,"minecraft:chicken":1,"minecraft:clay_ball":136,"enemyexpansion:wasp_thorax":1,"born_in_chaos_v1:black_argillite":1,"iceandfire:manuscript":1,"minecraft:string":2,"minecraft:raw_copper":7,"simplefarming:sorghum_seeds":1,"minecraft:beef":7,"minecraft:oak_boat":1,"minecraft:sugar_cane":25,"simplefarming:barley_seeds":1,"minecraft:egg":2,"minecraft:raw_copper_block":1,"minecraft:furnace":1,"minecraft:golden_helmet":1,"minecraft:stick":24,"minecraft:raw_iron":37,"simplefarming:cantaloupe_seeds":1,"ecologics:coconut_slice":2,"minecraft:torch":6,"minecraft:spruce_stairs":19,"minecraft:porkchop":5,"minecraft:arrow":6,"quark:clear_shard":13,"minecraft:rotten_flesh":7,"minecraft:cod":1,"minecraft:cobblestone":296,"minecraft:feather":4,"simplefarming:soybean_seeds":1,"minecraft:leather":2,"biomesoplenty:fir_log":5,"mores:sterling_leggings":1,"create:raw_zinc":15,"simplefarming:rye_seeds":1,"minecraft:oak_log":13,"minecraft:dirt":148,"minecraft:leather_boots":1,"minecraft:cooked_mutton":2,"minecraft:bone":5,"minecraft:stone_bricks":33,"minecraft:wheat_seeds":12,"simplefarming:kenaf_seeds":1,"spelunkery:rough_lazurite":8,"minecraft:oak_planks":78,"iter_rpg:seashell":1,"minecraft:dandelion":3,"simplefarming:blueberries":2,"minecraft:sand":29,"ecologics:coconut_husk":2,"minecraft:stripped_spruce_log":3,"minecraft:spruce_sapling":43,"minecraft:white_bed":1,"minecraft:spruce_log":309,"minecraft:spider_eye":1,"minecraft:bundle":1,"enemyexpansion:trollface":1,"alexsmobs:raw_catfish":2,"born_in_chaos_v1:fire_dust":1,"croptopia:orange":11,"minecraft:granite":1,"upgrade_aquatic:pink_searocket":1,"minecraft:oak_sapling":2,"mores:raw_silver":19,"minecraft:coal":30,"iceandfire:raw_silver":3},"minecraft:custom":{"minecraft:mob_kills":15,"minecraft:interact_with_crafting_table":19,"minecraft:open_barrel":12,"minecraft:damage_dealt_resisted":190,"minecraft:time_since_death":61805,"minecraft:climb_one_cm":2013,"minecraft:sprint_one_cm":340184,"minecraft:walk_one_cm":386675,"minecraft:drop":4,"minecraft:play_time":153734,"minecraft:deaths":4,"minecraft:sneak_time":24362,"minecraft:walk_under_water_one_cm":9380,"minecraft:boat_one_cm":12702,"minecraft:jump":2385,"minecraft:walk_on_water_one_cm":14038,"minecraft:total_world_time":153734,"minecraft:interact_with_furnace":55,"minecraft:interact_with_stonecutter":17,"minecraft:sleep_in_bed":12,"minecraft:time_since_rest":6823,"minecraft:damage_taken":2635,"minecraft:damage_dealt":3390,"minecraft:swim_one_cm":32489,"minecraft:fly_one_cm":428124,"minecraft:open_chest":67,"minecraft:crouch_one_cm":32389,"tombstone:undead_killed":7,"minecraft:fall_one_cm":53167},"minecraft:mined":{"create:zinc_ore":14,"spelunkery:granite_zinc_ore":1,"minecraft:white_bed":1,"iceandfire:silver_ore":3,"minecraft:granite":1,"minecraft:grass_block":102,"minecraft:spruce_leaves":26,"minecraft:spawner":3,"minecraft:furnace":1,"minecraft:iron_ore":9,"minecraft:fire":2,"minecraft:stripped_spruce_log":3,"minecraft:stone":276,"minecraft:dandelion":1,"minecraft:clay":34,"spelunkery:diorite_iron_ore":3,"minecraft:cobblestone":20,"minecraft:glass":4,"minecraft:tall_grass":20,"minecraft:lapis_ore":1,"minecraft:sugar_cane":15,"minecraft:oak_planks":52,"minecraft:wall_torch":6,"minecraft:spruce_stairs":19,"upgrade_aquatic:pink_searocket":1,"minecraft:spruce_log":309,"biomesoplenty:fir_log":5,"minecraft:grass":50,"minecraft:oak_log":12,"minecraft:coal_ore":6,"minecraft:sand":23,"minecraft:dirt":5,"mores:silver_ore":19,"minecraft:cobweb":1,"minecraft:raw_copper_block":1,"minecraft:stone_bricks":34,"spelunkery:diorite_copper_ore":3,"minecraft:fern":3},"minecraft:killed":{"minecraft:spider":1,"minecraft:skeleton":1,"untamedwilds:catfish":1,"born_in_chaos_v1:firelight_not_despawn":2,"born_in_chaos_v1:baby_skeleton":1,"born_in_chaos_v1:decrepit_skeleton":2,"alexsmobs:catfish":1,"minecraft:zombie":3,"iter_rpg:scallop":1,"enemyexpansion:wasp":1,"minecraft:cow":1},"minecraft:used":{"minecraft:stone_sword":56,"minecraft:iron_shovel":34,"minecraft:stone_shovel":133,"minecraft:spruce_planks":1,"minecraft:iron_sword":24,"minecraft:torch":15,"minecraft:dirt":69,"minecraft:spruce_stairs":29,"minecraft:cobblestone_wall":9,"spartanweaponry:iron_longbow":1,"minecraft:stripped_spruce_log":1,"minecraft:glass":19,"minecraft:iron_axe":297,"minecraft:stone_bricks":136,"minecraft:furnace":3,"tombstone:gift":1,"minecraft:egg":2,"minecraft:cooked_beef":4,"minecraft:cooked_mutton":11,"alexsmobs:cooked_catfish":2,"minecraft:stone_pickaxe":131,"minecraft:oak_planks":91,"minecraft:wooden_pickaxe":25,"minecraft:mushroom_stew":1,"minecraft:white_bed":1,"croptopia:orange":1,"minecraft:spruce_log":89,"minecraft:bread":6,"minecraft:iron_pickaxe":240,"upgrade_aquatic:pink_searocket":1,"ecologics:coconut_slice":2,"minecraft:stone_axe":133,"minecraft:cobblestone":134,"minecraft:cooked_porkchop":1,"mcwdoors:spruce_classic_door":1}},"DataVersion":3465}