{"stats":{"minecraft:custom":{"minecraft:interact_with_crafting_table":67,"minecraft:open_barrel":17,"minecraft:leave_game":1,"minecraft:time_since_death":333368,"minecraft:sprint_one_cm":1156175,"minecraft:damage_blocked_by_shield":1250,"minecraft:drop":42,"minecraft:talked_to_villager":1,"minecraft:play_time":560126,"minecraft:deaths":7,"minecraft:jump":7711,"minecraft:interact_with_brewingstand":1,"minecraft:walk_on_water_one_cm":65527,"minecraft:interact_with_furnace":152,"minecraft:interact_with_cartography_table":1,"minecraft:sleep_in_bed":38,"minecraft:damage_dealt":17945,"minecraft:crouch_one_cm":82631,"tombstone:undead_killed":47,"minecraft:interact_with_smoker":1,"minecraft:mob_kills":113,"minecraft:damage_dealt_resisted":1620,"minecraft:climb_one_cm":2342,"minecraft:walk_one_cm":1057182,"minecraft:sneak_time":49685,"minecraft:walk_under_water_one_cm":52444,"minecraft:boat_one_cm":51371,"minecraft:total_world_time":560126,"spartanshields:shield_bash_hits":14,"tombstone:raider_killed":1,"minecraft:interact_with_grindstone":30,"minecraft:interact_with_stonecutter":45,"minecraft:time_since_rest":8837,"minecraft:damage_taken":11089,"minecraft:damage_absorbed":40,"minecraft:swim_one_cm":132613,"minecraft:fly_one_cm":1516659,"minecraft:open_chest":375,"minecraft:fall_one_cm":188901},"minecraft:killed":{"minecraft:cave_spider":2,"minecraft:spider":9,"enemyexpansion:equestrian":1,"born_in_chaos_v1:baby_skeleton_minion":2,"minecraft:skeleton":10,"untamedwilds:giant_salamander":1,"born_in_chaos_v1:firelight_not_despawn":2,"born_in_chaos_v1:bonescaller":1,"minecraft:pig":1,"untamedwilds:boar":1,"minecraft:creeper":2,"minecraft:sheep":4,"minecraft:pillager":1,"minecraft:zombie":21,"born_in_chaos_v1:corpse_fly":4,"enemyexpansion:botfly":9,"untamedwilds:bison":3,"born_in_chaos_v1:door_knight":1,"minecraft:cow":1,"enemyexpansion:wasp":1,"born_in_chaos_v1:thornshell_crab":1,"enemyexpansion:direwolf":1,"born_in_chaos_v1:maggot":9,"untamedwilds:catfish":2,"autumnity:turkey":2,"born_in_chaos_v1:baby_skeleton":1,"enemyexpansion:sprinter":2,"born_in_chaos_v1:decrepit_skeleton":7,"alexsmobs:catfish":1,"born_in_chaos_v1:bloody_gadfly":2,"born_in_chaos_v1:nightmare_stalker":1,"iter_rpg:scallop":1,"naturalist:sparrow":2,"enemyexpansion:slugger":1},"minecraft:crafted":{"minecraft:brick":589,"minecraft:oak_planks":84,"minecraft:stone":168,"minecraft:cobblestone_stairs":20,"minecraft:diamond_shovel":1,"minecraft:cooked_mutton":36,"minecraft:glass":47,"minecraft:iron_boots":1,"cookingforblockheads:oven":1,"tombstone:grave_key":1,"autumnity:maple_planks":8,"alexsmobs:cooked_catfish":2,"minecraft:bricks":147,"minecraft:cooked_porkchop":3,"minecraft:crafting_table":1,"minecraft:spruce_planks":540,"minecraft:wooden_pickaxe":1,"minecraft:iron_helmet":1,"travelersbackpack:standard":1,"minecraft:polished_deepslate_slab":2,"minecraft:iron_chestplate":1,"minecraft:paper":6,"minecraft:charcoal":40,"minecraft:shield":1,"minecraft:stick":52,"minecraft:iron_ingot":37,"minecraft:iron_pickaxe":3,"minecraft:stone_sword":1,"minecraft:deepslate_tile_slab":2,"minecraft:oak_door":3,"minecraft:cobbled_deepslate_slab":18,"minecraft:raw_iron":5,"minecraft:stone_shovel":1,"minecraft:furnace":3,"woodworks:spruce_chest":1,"spartanweaponry:diamond_spear":1,"spelunkery:diamond_grindstone":1,"minecraft:spruce_stairs":64,"travelersbackpack:white_sleeping_bag":1,"mcwdoors:spruce_classic_door":2,"minecraft:polished_deepslate":2,"minecraft:iron_axe":3,"minecraft:stone_pickaxe":1,"minecraft:cobblestone_wall":13,"minecraft:cooked_beef":4,"spartanweaponry:pole":2,"travelersbackpack:backpack_tank":2,"minecraft:stone_axe":1,"minecraft:air":0,"minecraft:black_stained_glass":8,"spelunkery:charcoal_lump":8,"mcwdoors:print_oak":4,"minecraft:raw_gold":2,"minecraft:iron_shovel":2,"minecraft:torch":64},"minecraft:mined":{"minecraft:spruce_planks":6,"minecraft:white_bed":4,"minecraft:cobbled_deepslate_stairs":11,"iceandfire:copper_pile":2,"minecraft:granite":2,"minecraft:grass_block":312,"autumnity:maple_log":2,"minecraft:spawner":8,"minecraft:tall_seagrass":2,"regions_unexplored:stone_bud":2,"minecraft:iron_ore":21,"minecraft:fire":2,"minecraft:deepslate_lapis_ore":3,"minecraft:anvil":1,"iceandfire:gold_pile":3,"minecraft:oak_stairs":3,"minecraft:iron_bars":5,"minecraft:iron_block":2,"crystalcraft_unlimited_java:pitambari_neelam_ore":2,"minecraft:deepslate_redstone_ore":2,"minecraft:clay":208,"minecraft:torch":1,"minecraft:glass":4,"minecraft:cobblestone":140,"minecraft:sugar_cane":15,"minecraft:oak_planks":67,"minecraft:wall_torch":11,"minecraft:seagrass":1,"minecraft:chain":1,"upgrade_aquatic:pink_searocket":1,"biomesoplenty:fir_log":5,"minecraft:grass":97,"biomesoplenty:clover":25,"minecraft:oak_log":12,"minecraft:sand":164,"minecraft:dirt":13,"mores:silver_ore":24,"minecraft:raw_copper_block":1,"minecraft:oak_leaves":6,"minecraft:deepslate":9,"create:zinc_ore":16,"spelunkery:granite_zinc_ore":1,"iceandfire:silver_ore":3,"minecraft:deepslate_diamond_ore":1,"farmersdelight:wild_carrots":1,"minecraft:glow_lichen":1,"minecraft:cobbled_deepslate_slab":2,"biomesoplenty:bush":2,"minecraft:brick_stairs":38,"minecraft:spruce_leaves":26,"minecraft:large_fern":7,"minecraft:furnace":1,"minecraft:carrots":1,"minecraft:andesite":2,"minecraft:stripped_spruce_log":39,"biomesoplenty:high_grass":7,"minecraft:deepslate_iron_ore":6,"regions_unexplored:medium_grass":2,"minecraft:stone":304,"minecraft:white_wool":1,"minecraft:smithing_table":1,"minecraft:dandelion":2,"spelunkery:diorite_iron_ore":3,"minecraft:crafting_table":1,"biomesoplenty:high_grass_plant":7,"woodworks:oak_chest":1,"minecraft:tall_grass":58,"biomesoplenty:huge_clover_petal":22,"minecraft:lapis_ore":3,"minecraft:deepslate_gold_ore":3,"minecraft:diorite":3,"minecraft:spruce_stairs":53,"untamedwilds:block_burrow":1,"minecraft:cobblestone_wall":5,"minecraft:spruce_log":337,"regions_unexplored:red_maple_leaf_pile":2,"minecraft:yellow_bed":3,"minecraft:coal_ore":16,"iceandfire:silver_pile":3,"minecraft:cobweb":1,"minecraft:cracked_stone_bricks":1,"minecraft:stone_bricks":37,"minecraft:gold_ore":4,"spelunkery:diorite_copper_ore":3,"minecraft:fern":6},"minecraft:broken":{"minecraft:iron_shovel":1,"minecraft:stone_pickaxe":1,"minecraft:stone_axe":1,"minecraft:shield":1,"minecraft:iron_axe":1,"minecraft:leather_boots":1,"minecraft:iron_pickaxe":2,"minecraft:iron_helmet":1},"minecraft:dropped":{"untamedwilds:material_fat":6,"minecraft:item_frame":37,"simplefarming:rye_seeds":1,"enemyexpansion:trollface":1,"minecraft:bone":1,"born_in_chaos_v1:fire_dust":1,"minecraft:rotten_flesh":4,"iceandfire:manuscript":1,"minecraft:wheat_seeds":8,"croptopia:orange":1,"minecraft:cobblestone":1,"simplefarming:corn_seeds":1,"tombstone:grave_key":1,"minecraft:string":1,"simplefarming:tomato_seeds":3,"born_in_chaos_v1:rotten_fish":2,"simplefarming:kenaf_seeds":1,"minecraft:allium":1,"minecraft:oak_boat":1,"born_in_chaos_v1:bloody_gadfly_eye":1},"minecraft:picked_up":{"minecraft:anvil":1,"autumnity:maple_log":2,"minecraft:smithing_table":1,"minecraft:oak_stairs":6,"enemyexpansion:wasp_thorax":1,"minecraft:enchanted_book":2,"born_in_chaos_v1:bloody_gadfly_eye":1,"tombstone:grave_key":1,"born_in_chaos_v1:black_argillite":1,"iceandfire:manuscript":1,"minecraft:string":15,"simplefarming:zucchini_seeds":1,"minecraft:raw_copper":7,"woodworks:oak_chest":1,"minecraft:gold_nugget":18,"minecraft:cobbled_deepslate":73,"minecraft:bucket":1,"minecraft:spruce_planks":7,"crystalcraft_unlimited_java:pitambari_neelam":2,"minecraft:furnace":1,"minecraft:golden_helmet":1,"minecraft:stick":28,"spelunkery:rough_cinnabar_shard":23,"minecraft:torch":17,"minecraft:spruce_stairs":52,"minecraft:porkchop":8,"tombstone:grave_dust":10,"minecraft:diorite":3,"born_in_chaos_v1:nightmare_claw":1,"quark:clear_shard":13,"minecraft:rotten_flesh":30,"minecraft:iron_block":2,"autumnity:turkey":2,"minecraft:iron_bars":5,"minecraft:cod":2,"minecraft:cobblestone":445,"minecraft:feather":8,"minecraft:andesite":2,"biomesoplenty:fir_log":5,"spelunkery:rough_cinnabar":9,"create:raw_zinc":17,"mores:steel_ingot":3,"minecraft:dirt":364,"born_in_chaos_v1:monster_skin":2,"minecraft:leather_boots":1,"simplefarming:cucumber_seeds":1,"minecraft:bone":28,"minecraft:bow":2,"mores:steel_shovel":1,"minecraft:wheat_seeds":22,"simplefarming:kenaf_seeds":2,"minecraft:raw_gold":9,"minecraft:cobbled_deepslate_slab":2,"simplefarming:tomato_seeds":3,"mores:sterling_pickaxe":1,"minecraft:oak_planks":93,"spelunkery:rough_diamond_shard":3,"simplefarming:corn_seeds":2,"iter_rpg:seashell":1,"minecraft:sand":182,"ecologics:coconut_husk":2,"minecraft:stripped_spruce_log":34,"minecraft:bundle":1,"born_in_chaos_v1:fire_dust":1,"spelunkery:rough_lazurite_shard":23,"minecraft:granite":3,"minecraft:bread":4,"spelunkery:raw_gold_nugget":12,"born_in_chaos_v1:rotten_fish":2,"mores:raw_silver":24,"minecraft:oak_sapling":2,"iceandfire:silver_nugget":10,"iceandfire:raw_silver":3,"minecraft:crafting_table":2,"simplefarming:pea_seeds":1,"minecraft:allium":1,"minecraft:chicken":1,"minecraft:clay_ball":832,"born_in_chaos_v1:seedof_chaos":1,"minecraft:chain":1,"regions_unexplored:red_maple_leaf_pile":4,"minecraft:iron_axe":1,"simplefarming:sorghum_seeds":1,"minecraft:item_frame":40,"minecraft:cracked_stone_bricks":1,"minecraft:beef":7,"minecraft:oak_boat":1,"minecraft:poppy":1,"minecraft:light_gray_wool":1,"minecraft:sugar_cane":25,"simplefarming:barley_seeds":1,"minecraft:egg":2,"minecraft:raw_copper_block":1,"minecraft:raw_iron":103,"simplefarming:cantaloupe_seeds":1,"ecologics:coconut_slice":2,"minecraft:carrot":4,"born_in_chaos_v1:pieceofdarkmetal":1,"spelunkery:raw_magnetite_nugget":6,"minecraft:arrow":33,"born_in_chaos_v1:spiny_shell":2,"minecraft:brick_stairs":38,"minecraft:mutton":4,"minecraft:white_wool":5,"born_in_chaos_v1:corpse_maggot":12,"simplefarming:soybean_seeds":1,"minecraft:leather":4,"mores:sterling_leggings":1,"simplefarming:rye_seeds":3,"minecraft:oak_log":13,"minecraft:yellow_bed":3,"minecraft:gunpowder":2,"minecraft:cobbled_deepslate_stairs":11,"minecraft:cobblestone_wall":5,"minecraft:cooked_mutton":2,"minecraft:stone_bricks":36,"untamedwilds:material_fat":6,"spelunkery:rough_lazurite":21,"simplefarming:honeydew_seeds":1,"minecraft:iron_ingot":1,"spartanweaponry:iron_dagger":2,"iceandfire:copper_nugget":14,"minecraft:dandelion":4,"simplefarming:blueberries":2,"minecraft:spruce_sapling":43,"argentinas_delight:espinacaitem":6,"minecraft:white_bed":2,"minecraft:spruce_log":337,"minecraft:spider_eye":3,"spartanweaponry:iron_battle_hammer":1,"travelersbackpack:standard":1,"enemyexpansion:trollface":1,"alexsmobs:raw_catfish":2,"spelunkery:rough_diamond":2,"croptopia:orange":11,"upgrade_aquatic:pink_searocket":1,"spelunkery:raw_iron_nugget":50,"tombstone:magic_scroll":1,"minecraft:coal":125},"minecraft:used":{"neapolitan:strawberries":53,"minecraft:iron_shovel":284,"minecraft:poppy":1,"minecraft:shield":41,"minecraft:iron_sword":180,"minecraft:rotten_flesh":1,"minecraft:iron_chestplate":1,"minecraft:carrot":4,"minecraft:stripped_spruce_log":8,"cookingforblockheads:oven":1,"minecraft:glass":28,"minecraft:iron_helmet":1,"minecraft:stone_bricks":165,"minecraft:item_frame":3,"minecraft:furnace":3,"minecraft:egg":2,"regions_unexplored:red_maple_leaf_pile":4,"minecraft:stone_pickaxe":131,"minecraft:oak_planks":160,"minecraft:wooden_pickaxe":25,"minecraft:white_wool":4,"minecraft:golden_apple":1,"minecraft:sand":20,"minecraft:mushroom_stew":1,"simplyswords:diamond_claymore":33,"minecraft:cobbled_deepslate_stairs":102,"croptopia:orange":1,"mores:sterling_pickaxe":17,"minecraft:bread":64,"upgrade_aquatic:pink_searocket":1,"ecologics:coconut_slice":2,"minecraft:smithing_table":1,"mcwdoors:spruce_classic_door":1,"minecraft:air":6,"minecraft:stone_sword":56,"minecraft:stone_shovel":133,"woodworks:oak_chest":1,"minecraft:spruce_planks":308,"minecraft:torch":54,"minecraft:dirt":251,"minecraft:anvil":1,"minecraft:spruce_stairs":29,"minecraft:cobblestone_wall":23,"spartanweaponry:iron_longbow":17,"minecraft:granite":2,"spartanweaponry:diamond_spear":90,"minecraft:iron_axe":494,"minecraft:brick_stairs":185,"minecraft:iron_boots":4,"minecraft:light_gray_wool":1,"spartanweaponry:iron_battle_hammer":1,"mores:bronze_apple":1,"tombstone:gift":5,"minecraft:cooked_beef":16,"minecraft:cooked_mutton":36,"alexsmobs:cooked_catfish":2,"minecraft:cracked_stone_bricks":1,"minecraft:crafting_table":1,"minecraft:white_bed":2,"minecraft:spruce_log":164,"minecraft:cornflower":3,"minecraft:diamond_shovel":291,"minecraft:iron_pickaxe":517,"minecraft:stone_axe":133,"argentinas_delight:espinacaitem":5,"minecraft:cobblestone":164,"travelersbackpack:standard":2,"minecraft:cobbled_deepslate_slab":17,"minecraft:cooked_porkchop":4,"minecraft:yellow_bed":2,"spelunkery:diamond_grindstone":1,"minecraft:dandelion":1}},"DataVersion":3465}