{"stats":{"minecraft:killed":{"minecraft:cave_spider":2,"enemyexpansion:equestrian":1,"minecraft:spider":9,"enemyexpansion:direwolf":1,"born_in_chaos_v1:baby_skeleton_minion":2,"born_in_chaos_v1:maggot":8,"minecraft:skeleton":3,"untamedwilds:catfish":2,"untamedwilds:giant_salamander":1,"born_in_chaos_v1:firelight_not_despawn":2,"minecraft:pig":1,"born_in_chaos_v1:baby_skeleton":1,"enemyexpansion:sprinter":2,"born_in_chaos_v1:decrepit_skeleton":6,"alexsmobs:catfish":1,"born_in_chaos_v1:bloody_gadfly":1,"minecraft:pillager":1,"minecraft:zombie":14,"enemyexpansion:botfly":3,"born_in_chaos_v1:nightmare_stalker":1,"iter_rpg:scallop":1,"enemyexpansion:slugger":1,"enemyexpansion:wasp":1,"minecraft:cow":1},"minecraft:mined":{"create:zinc_ore":16,"spelunkery:granite_zinc_ore":1,"minecraft:white_bed":4,"iceandfire:silver_ore":3,"minecraft:deepslate_diamond_ore":1,"farmersdelight:wild_carrots":1,"minecraft:granite":2,"minecraft:grass_block":151,"minecraft:brick_stairs":11,"minecraft:spruce_leaves":26,"minecraft:spawner":3,"minecraft:furnace":1,"minecraft:iron_ore":21,"minecraft:fire":2,"minecraft:andesite":2,"minecraft:stripped_spruce_log":3,"minecraft:deepslate_lapis_ore":3,"minecraft:deepslate_iron_ore":6,"minecraft:stone":298,"minecraft:iron_block":2,"minecraft:deepslate_redstone_ore":2,"minecraft:dandelion":1,"minecraft:clay":149,"spelunkery:diorite_iron_ore":3,"minecraft:torch":1,"minecraft:glass":4,"minecraft:tall_grass":24,"minecraft:cobblestone":139,"minecraft:deepslate_gold_ore":3,"minecraft:lapis_ore":3,"minecraft:oak_planks":53,"minecraft:sugar_cane":15,"minecraft:diorite":3,"minecraft:wall_torch":10,"minecraft:spruce_stairs":19,"minecraft:chain":1,"upgrade_aquatic:pink_searocket":1,"minecraft:spruce_log":312,"biomesoplenty:fir_log":5,"minecraft:grass":56,"minecraft:oak_log":12,"minecraft:coal_ore":15,"minecraft:sand":147,"minecraft:dirt":8,"mores:silver_ore":19,"minecraft:cobweb":1,"minecraft:raw_copper_block":1,"minecraft:stone_bricks":34,"minecraft:gold_ore":4,"spelunkery:diorite_copper_ore":3,"minecraft:deepslate":9,"minecraft:fern":3},"minecraft:dropped":{"minecraft:cobblestone":1,"croptopia:orange":1,"enemyexpansion:trollface":1,"minecraft:string":1,"minecraft:bone":1,"born_in_chaos_v1:fire_dust":1,"minecraft:oak_boat":1},"minecraft:custom":{"minecraft:mob_kills":68,"minecraft:interact_with_crafting_table":43,"minecraft:open_barrel":17,"minecraft:damage_dealt_resisted":420,"minecraft:leave_game":1,"minecraft:time_since_death":52827,"minecraft:climb_one_cm":2326,"minecraft:sprint_one_cm":576678,"minecraft:walk_one_cm":631547,"minecraft:damage_blocked_by_shield":1200,"minecraft:drop":7,"minecraft:play_time":279585,"minecraft:sneak_time":41807,"minecraft:deaths":7,"minecraft:walk_under_water_one_cm":42967,"minecraft:boat_one_cm":12702,"minecraft:jump":3851,"minecraft:interact_with_brewingstand":1,"minecraft:walk_on_water_one_cm":50262,"minecraft:total_world_time":279585,"minecraft:interact_with_furnace":101,"spartanshields:shield_bash_hits":14,"tombstone:raider_killed":1,"minecraft:interact_with_stonecutter":31,"minecraft:interact_with_grindstone":25,"minecraft:sleep_in_bed":21,"minecraft:time_since_rest":1814,"minecraft:damage_taken":6806,"minecraft:damage_dealt":10806,"minecraft:swim_one_cm":109443,"minecraft:fly_one_cm":677891,"minecraft:open_chest":190,"minecraft:crouch_one_cm":73663,"tombstone:undead_killed":30,"minecraft:fall_one_cm":87295},"minecraft:picked_up":{"minecraft:crafting_table":1,"simplefarming:pea_seeds":1,"minecraft:chicken":1,"minecraft:clay_ball":596,"enemyexpansion:wasp_thorax":1,"minecraft:enchanted_book":1,"minecraft:chain":1,"born_in_chaos_v1:black_argillite":1,"iceandfire:manuscript":1,"minecraft:string":15,"minecraft:raw_copper":7,"simplefarming:sorghum_seeds":1,"minecraft:cobbled_deepslate":9,"minecraft:beef":7,"minecraft:oak_boat":1,"minecraft:sugar_cane":25,"simplefarming:barley_seeds":1,"minecraft:furnace":1,"minecraft:raw_copper_block":1,"minecraft:egg":2,"minecraft:golden_helmet":1,"minecraft:stick":24,"minecraft:raw_iron":103,"simplefarming:cantaloupe_seeds":1,"ecologics:coconut_slice":2,"spelunkery:rough_cinnabar_shard":23,"minecraft:torch":14,"minecraft:spruce_stairs":19,"minecraft:porkchop":8,"minecraft:carrot":1,"born_in_chaos_v1:nightmare_claw":1,"tombstone:grave_dust":6,"minecraft:diorite":3,"born_in_chaos_v1:pieceofdarkmetal":1,"spelunkery:raw_magnetite_nugget":6,"minecraft:arrow":8,"quark:clear_shard":13,"minecraft:rotten_flesh":21,"minecraft:iron_block":2,"minecraft:brick_stairs":11,"minecraft:cod":2,"minecraft:cobblestone":438,"born_in_chaos_v1:corpse_maggot":6,"minecraft:feather":4,"simplefarming:soybean_seeds":1,"minecraft:andesite":2,"minecraft:leather":2,"biomesoplenty:fir_log":5,"mores:sterling_leggings":1,"spelunkery:rough_cinnabar":9,"simplefarming:rye_seeds":1,"create:raw_zinc":17,"minecraft:oak_log":13,"minecraft:gunpowder":2,"minecraft:dirt":200,"born_in_chaos_v1:monster_skin":2,"minecraft:leather_boots":1,"minecraft:cooked_mutton":2,"minecraft:bone":11,"minecraft:stone_bricks":33,"minecraft:wheat_seeds":13,"simplefarming:kenaf_seeds":1,"minecraft:raw_gold":9,"spelunkery:rough_lazurite":21,"minecraft:oak_planks":79,"spelunkery:rough_diamond_shard":3,"iter_rpg:seashell":1,"minecraft:dandelion":3,"simplefarming:blueberries":2,"minecraft:sand":153,"ecologics:coconut_husk":2,"minecraft:stripped_spruce_log":3,"minecraft:spruce_sapling":43,"minecraft:white_bed":2,"minecraft:spruce_log":312,"minecraft:spider_eye":3,"spartanweaponry:iron_battle_hammer":1,"minecraft:bundle":1,"enemyexpansion:trollface":1,"alexsmobs:raw_catfish":2,"born_in_chaos_v1:fire_dust":1,"spelunkery:rough_lazurite_shard":23,"spelunkery:rough_diamond":2,"croptopia:orange":11,"minecraft:granite":3,"upgrade_aquatic:pink_searocket":1,"spelunkery:raw_iron_nugget":50,"spelunkery:raw_gold_nugget":12,"mores:raw_silver":19,"tombstone:magic_scroll":1,"minecraft:oak_sapling":2,"minecraft:coal":123,"iceandfire:raw_silver":3},"minecraft:used":{"neapolitan:strawberries":20,"minecraft:stone_sword":56,"minecraft:iron_shovel":284,"minecraft:stone_shovel":133,"minecraft:spruce_planks":156,"minecraft:shield":40,"minecraft:iron_sword":160,"minecraft:torch":31,"minecraft:dirt":116,"minecraft:spruce_stairs":29,"minecraft:cobblestone_wall":9,"minecraft:carrot":1,"minecraft:stripped_spruce_log":1,"minecraft:granite":2,"spartanweaponry:iron_longbow":13,"cookingforblockheads:oven":1,"minecraft:glass":19,"minecraft:iron_axe":300,"minecraft:brick_stairs":83,"minecraft:iron_boots":1,"minecraft:stone_bricks":136,"minecraft:furnace":3,"spartanweaponry:iron_battle_hammer":1,"tombstone:gift":3,"minecraft:egg":2,"minecraft:cooked_beef":7,"minecraft:cooked_mutton":11,"alexsmobs:cooked_catfish":2,"minecraft:stone_pickaxe":131,"minecraft:oak_planks":137,"minecraft:wooden_pickaxe":25,"minecraft:mushroom_stew":1,"minecraft:white_bed":2,"croptopia:orange":1,"minecraft:spruce_log":89,"minecraft:diamond_shovel":40,"minecraft:bread":51,"minecraft:iron_pickaxe":456,"upgrade_aquatic:pink_searocket":1,"ecologics:coconut_slice":2,"minecraft:stone_axe":133,"minecraft:cobblestone":157,"mcwdoors:spruce_classic_door":1,"minecraft:cooked_porkchop":1,"spelunkery:diamond_grindstone":1},"minecraft:crafted":{"minecraft:brick":312,"minecraft:oak_door":3,"minecraft:oak_planks":80,"minecraft:raw_iron":5,"minecraft:stone_shovel":1,"minecraft:furnace":3,"minecraft:cobblestone_stairs":20,"minecraft:stone":136,"minecraft:diamond_shovel":1,"minecraft:cooked_mutton":11,"spelunkery:diamond_grindstone":1,"minecraft:glass":37,"minecraft:spruce_stairs":64,"mcwdoors:spruce_classic_door":2,"minecraft:iron_boots":1,"minecraft:polished_deepslate":2,"cookingforblockheads:oven":1,"minecraft:iron_axe":3,"minecraft:stone_pickaxe":1,"minecraft:cobblestone_wall":9,"alexsmobs:cooked_catfish":2,"minecraft:bricks":78,"minecraft:cooked_beef":4,"minecraft:spruce_planks":328,"minecraft:wooden_pickaxe":1,"minecraft:iron_helmet":1,"minecraft:stone_axe":1,"minecraft:polished_deepslate_slab":2,"minecraft:air":0,"minecraft:black_stained_glass":8,"spelunkery:charcoal_lump":8,"mcwdoors:print_oak":4,"minecraft:iron_chestplate":1,"minecraft:paper":6,"minecraft:charcoal":40,"minecraft:shield":1,"minecraft:raw_gold":2,"minecraft:stick":40,"minecraft:iron_ingot":37,"minecraft:iron_pickaxe":2,"minecraft:stone_sword":1,"minecraft:iron_shovel":2,"minecraft:torch":64,"minecraft:deepslate_tile_slab":2},"minecraft:broken":{"minecraft:iron_shovel":1,"minecraft:stone_pickaxe":1,"minecraft:iron_axe":1,"minecraft:leather_boots":1,"minecraft:stone_axe":1,"minecraft:iron_pickaxe":1}},"DataVersion":3465}