{"stats":{"minecraft:crafted":{"minecraft:cooked_beef":4,"minecraft:oak_planks":24,"minecraft:stone_shovel":1,"minecraft:spruce_planks":12,"minecraft:wooden_pickaxe":1,"minecraft:furnace":2,"minecraft:stone":80,"minecraft:stone_axe":1,"minecraft:cooked_mutton":11,"minecraft:air":0,"minecraft:iron_axe":1,"minecraft:stick":28,"minecraft:iron_ingot":35,"minecraft:iron_pickaxe":1,"minecraft:stone_pickaxe":1,"minecraft:stone_sword":1,"alexsmobs:cooked_catfish":2,"minecraft:torch":56},"minecraft:broken":{"minecraft:stone_pickaxe":1,"minecraft:stone_axe":1},"minecraft:dropped":{"born_in_chaos_v1:fire_dust":1,"croptopia:orange":1,"enemyexpansion:trollface":1,"minecraft:oak_boat":1},"minecraft:picked_up":{"minecraft:crafting_table":1,"simplefarming:pea_seeds":1,"minecraft:feather":4,"minecraft:chicken":1,"minecraft:leather":2,"enemyexpansion:wasp_thorax":1,"biomesoplenty:fir_log":5,"create:raw_zinc":15,"simplefarming:rye_seeds":1,"minecraft:oak_log":6,"born_in_chaos_v1:black_argillite":1,"iceandfire:manuscript":1,"minecraft:string":2,"minecraft:dirt":120,"minecraft:raw_copper":7,"simplefarming:sorghum_seeds":1,"minecraft:cooked_mutton":2,"minecraft:bone":5,"minecraft:stone_bricks":2,"minecraft:wheat_seeds":12,"simplefarming:kenaf_seeds":1,"minecraft:beef":7,"spelunkery:rough_lazurite":8,"minecraft:oak_boat":1,"minecraft:sugar_cane":25,"simplefarming:barley_seeds":1,"minecraft:oak_planks":78,"minecraft:egg":2,"minecraft:raw_copper_block":1,"minecraft:golden_helmet":1,"minecraft:stick":24,"minecraft:raw_iron":37,"iter_rpg:seashell":1,"simplefarming:cantaloupe_seeds":1,"ecologics:coconut_slice":2,"minecraft:torch":6,"minecraft:dandelion":2,"simplefarming:blueberries":2,"minecraft:porkchop":5,"minecraft:sand":7,"ecologics:coconut_husk":2,"minecraft:spruce_sapling":43,"minecraft:white_bed":1,"minecraft:spruce_log":281,"minecraft:spider_eye":1,"minecraft:bundle":1,"enemyexpansion:trollface":1,"alexsmobs:raw_catfish":2,"minecraft:arrow":6,"minecraft:rotten_flesh":7,"born_in_chaos_v1:fire_dust":1,"croptopia:orange":2,"minecraft:granite":1,"upgrade_aquatic:pink_searocket":1,"minecraft:oak_sapling":2,"mores:raw_silver":19,"minecraft:coal":30,"iceandfire:raw_silver":3,"minecraft:cobblestone":211},"minecraft:custom":{"minecraft:interact_with_furnace":42,"minecraft:mob_kills":14,"minecraft:interact_with_crafting_table":11,"minecraft:open_barrel":12,"minecraft:damage_dealt_resisted":190,"minecraft:interact_with_stonecutter":10,"minecraft:time_since_death":11167,"minecraft:sleep_in_bed":8,"minecraft:climb_one_cm":2013,"minecraft:time_since_rest":10614,"minecraft:sprint_one_cm":229529,"minecraft:damage_taken":2355,"minecraft:walk_one_cm":267456,"minecraft:drop":4,"minecraft:damage_dealt":3051,"minecraft:swim_one_cm":20131,"minecraft:fly_one_cm":317417,"minecraft:open_chest":24,"minecraft:play_time":103096,"minecraft:crouch_one_cm":20342,"tombstone:undead_killed":7,"minecraft:deaths":4,"minecraft:sneak_time":19250,"minecraft:walk_under_water_one_cm":6877,"minecraft:boat_one_cm":12702,"minecraft:jump":1725,"minecraft:walk_on_water_one_cm":9464,"minecraft:total_world_time":103096,"minecraft:fall_one_cm":37237},"minecraft:mined":{"create:zinc_ore":14,"spelunkery:granite_zinc_ore":1,"minecraft:white_bed":1,"iceandfire:silver_ore":3,"minecraft:dandelion":1,"spelunkery:diorite_iron_ore":3,"minecraft:granite":1,"minecraft:grass_block":97,"minecraft:tall_grass":17,"minecraft:cobblestone":1,"minecraft:spruce_leaves":26,"minecraft:lapis_ore":1,"minecraft:oak_planks":52,"minecraft:sugar_cane":15,"minecraft:wall_torch":6,"minecraft:spawner":3,"upgrade_aquatic:pink_searocket":1,"minecraft:iron_ore":9,"minecraft:fire":2,"minecraft:spruce_log":281,"biomesoplenty:fir_log":5,"minecraft:grass":40,"minecraft:oak_log":5,"minecraft:coal_ore":6,"minecraft:sand":7,"minecraft:dirt":5,"mores:silver_ore":19,"minecraft:cobweb":1,"minecraft:stone_bricks":2,"minecraft:raw_copper_block":1,"minecraft:stone":210,"spelunkery:diorite_copper_ore":3,"minecraft:fern":3},"minecraft:killed":{"born_in_chaos_v1:baby_skeleton":1,"minecraft:spider":1,"born_in_chaos_v1:decrepit_skeleton":2,"minecraft:skeleton":1,"alexsmobs:catfish":1,"minecraft:zombie":3,"iter_rpg:scallop":1,"born_in_chaos_v1:firelight_not_despawn":2,"enemyexpansion:wasp":1,"minecraft:cow":1},"minecraft:used":{"minecraft:cooked_mutton":11,"alexsmobs:cooked_catfish":2,"minecraft:stone_sword":56,"minecraft:stone_shovel":112,"minecraft:stone_pickaxe":131,"minecraft:oak_planks":89,"minecraft:wooden_pickaxe":25,"minecraft:iron_sword":17,"minecraft:torch":15,"minecraft:dirt":17,"minecraft:mushroom_stew":1,"minecraft:white_bed":1,"croptopia:orange":1,"spartanweaponry:iron_longbow":1,"minecraft:spruce_log":23,"minecraft:iron_axe":228,"minecraft:iron_pickaxe":122,"upgrade_aquatic:pink_searocket":1,"minecraft:stone_bricks":79,"ecologics:coconut_slice":2,"minecraft:stone_axe":133,"minecraft:cobblestone":104,"minecraft:furnace":2,"tombstone:gift":1,"minecraft:egg":2,"minecraft:cooked_beef":4}},"DataVersion":3465}