{
  "iceandfire:iceandfire/root": {
    "criteria": {
      "tick": "2024-08-10 02:18:40 +0000"
    },
    "done": true
  },
  "mcwfences:recipes/stone": {
    "criteria": {
      "has_stone": "2024-08-10 02:18:40 +0000"
    },
    "done": true
  },
  "crystalcraft_unlimited_java:recipe_unlock": {
    "criteria": {
      "recipe_unlock_0": "2024-08-10 02:18:40 +0000"
    },
    "done": true
  },
  "mcwfences:recipes/end": {
    "criteria": {
      "has_end_brick": "2024-08-10 02:18:40 +0000"
    },
    "done": true
  },
  "mcwfences:recipes/bamboo": {
    "criteria": {
      "has_bamboo": "2024-08-10 02:18:40 +0000"
    },
    "done": true
  },
  "mcwfences:recipes/deepslate": {
    "criteria": {
      "has_deepslate": "2024-08-10 02:18:40 +0000"
    },
    "done": true
  },
  "mcwfences:recipes/dark_oak": {
    "criteria": {
      "has_dark_oak": "2024-08-10 02:18:40 +0000"
    },
    "done": true
  },
  "butcher:firstjoinadvancement": {
    "criteria": {
      "firstjoinadvancement_0": "2024-08-10 02:18:40 +0000"
    },
    "done": true
  },
  "mcwfences:recipes/spruce": {
    "criteria": {
      "has_spruce": "2024-08-10 02:18:40 +0000"
    },
    "done": true
  },
  "mcwfences:recipes/crimson": {
    "criteria": {
      "has_crimson": "2024-08-10 02:18:40 +0000"
    },
    "done": true
  },
  "mcwfences:recipes/prismarine": {
    "criteria": {
      "has_qq": "2024-08-10 02:18:40 +0000"
    },
    "done": true
  },
  "farmersdelight:main/root": {
    "criteria": {
      "seeds": "2024-08-10 02:18:40 +0000"
    },
    "done": true
  },
  "mcwfences:recipes/quartz": {
    "criteria": {
      "has_qq": "2024-08-10 02:18:40 +0000"
    },
    "done": true
  },
  "create:root": {
    "criteria": {
      "0": "2024-08-10 02:18:40 +0000"
    },
    "done": true
  },
  "naturescompass:natures_compass_log": {
    "criteria": {
      "has_recipe": "2024-08-10 02:18:40 +0000"
    },
    "done": true
  },
  "mcwfences:recipes/sandstone": {
    "criteria": {
      "has_sand": "2024-08-10 02:18:40 +0000"
    },
    "done": true
  },
  "bakery:main/root": {
    "criteria": {
      "seeds": "2024-08-10 02:18:40 +0000"
    },
    "done": true
  },
  "mcwfences:recipes/acacia": {
    "criteria": {
      "has_acacia": "2024-08-10 02:18:40 +0000"
    },
    "done": true
  },
  "repurposed_structures:root": {
    "criteria": {
      "always": "2024-08-10 02:18:40 +0000"
    },
    "done": true
  },
  "naturescompass:natures_compass": {
    "criteria": {
      "has_recipe": "2024-08-10 02:18:40 +0000"
    },
    "done": true
  },
  "mcwfences:recipes/jungle": {
    "criteria": {
      "has_jungle": "2024-08-10 02:18:40 +0000"
    },
    "done": true
  },
  "mcwfences:recipes/oak": {
    "criteria": {
      "has_oak": "2024-08-10 02:18:40 +0000"
    },
    "done": true
  },
  "iter_rpg:iter_root": {
    "criteria": {
      "iter_root_0": "2024-08-10 02:18:40 +0000"
    },
    "done": true
  },
  "naturescompass:natures_compass_sapling": {
    "criteria": {
      "has_recipe": "2024-08-10 02:18:40 +0000"
    },
    "done": true
  },
  "travelersbackpack:standard_from_custom": {
    "criteria": {
      "has_the_recipe": "2024-08-10 02:18:40 +0000"
    },
    "done": true
  },
  "mcwfences:recipes/mud_brick": {
    "criteria": {
      "has_qq": "2024-08-10 02:18:40 +0000"
    },
    "done": true
  },
  "mcwfences:recipes/mangrove": {
    "criteria": {
      "has_mangrove": "2024-08-10 02:18:40 +0000"
    },
    "done": true
  },
  "mcwfences:recipes/warped": {
    "criteria": {
      "has_warped": "2024-08-10 02:18:40 +0000"
    },
    "done": true
  },
  "mowziesmobs:root": {
    "criteria": {
      "custom_test_name": "2024-08-10 02:18:40 +0000"
    },
    "done": true
  },
  "mcwfences:recipes/blackstone": {
    "criteria": {
      "has_blackstone": "2024-08-10 02:18:40 +0000"
    },
    "done": true
  },
  "mcwfences:recipes/hedge": {
    "criteria": {
      "has_birch": "2024-08-10 02:18:40 +0000"
    },
    "done": true
  },
  "mcwfences:recipes/nether": {
    "criteria": {
      "has_nether_brick": "2024-08-10 02:18:40 +0000"
    },
    "done": true
  },
  "born_in_chaos_v1:bornin_chaos": {
    "criteria": {
      "bornin_chaos_0": "2024-08-10 02:18:40 +0000"
    },
    "done": true
  },
  "mcwfences:recipes/birch": {
    "criteria": {
      "has_birch": "2024-08-10 02:18:40 +0000"
    },
    "done": true
  },
  "minecraft:adventure/adventuring_time": {
    "criteria": {
      "minecraft:taiga": "2024-08-10 02:25:01 +0000",
      "minecraft:beach": "2024-08-10 02:40:17 +0000",
      "minecraft:river": "2024-08-10 02:36:14 +0000",
      "minecraft:cold_ocean": "2024-08-10 04:40:34 +0000",
      "minecraft:forest": "2024-08-10 02:18:41 +0000",
      "minecraft:deep_cold_ocean": "2024-08-10 05:06:19 +0000",
      "autumnity:autumnity:maple_forest": "2024-08-10 02:37:03 +0000",
      "minecraft:flower_forest": "2024-08-10 02:40:12 +0000",
      "minecraft:plains": "2024-08-10 02:22:17 +0000",
      "autumnity:autumnity:pumpkin_fields": "2024-08-10 03:37:29 +0000"
    },
    "done": false
  },
  "tombstone:adventure/root": {
    "criteria": {
      "auto": "2024-08-10 02:18:41 +0000"
    },
    "done": true
  },
  "regions_unexplored:parent": {
    "criteria": {
      "load_in_world": "2024-08-10 02:18:41 +0000"
    },
    "done": true
  },
  "mores:root": {
    "criteria": {
      "crafting_table": "2024-08-10 02:20:25 +0000"
    },
    "done": true
  },
  "minecraft:story/root": {
    "criteria": {
      "crafting_table": "2024-08-10 02:20:25 +0000"
    },
    "done": true
  },
  "spelunkery:recipes/stick": {
    "criteria": {
      "has_item": "2024-08-10 02:20:37 +0000"
    },
    "done": true
  },
  "minecraft:adventure/root": {
    "criteria": {
      "killed_something": "2024-08-10 02:20:52 +0000"
    },
    "done": true
  },
  "minecraft:husbandry/balanced_diet": {
    "criteria": {
      "beef": "2024-08-10 02:22:47 +0000",
      "neapolitan:strawberry_scones": "2024-08-10 03:45:53 +0000",
      "potato": "2024-08-10 03:21:54 +0000",
      "bread": "2024-08-10 03:46:48 +0000",
      "cooked_porkchop": "2024-08-10 02:33:31 +0000",
      "cooked_mutton": "2024-08-10 02:29:18 +0000",
      "apple": "2024-08-10 04:59:55 +0000",
      "pumpkin_pie": "2024-08-10 03:15:56 +0000",
      "beetroot": "2024-08-10 03:21:44 +0000"
    },
    "done": false
  },
  "minecraft:husbandry/root": {
    "criteria": {
      "consumed_item": "2024-08-10 02:22:47 +0000"
    },
    "done": true
  },
  "minecraft:story/mine_stone": {
    "criteria": {
      "get_stone": "2024-08-10 02:25:16 +0000"
    },
    "done": true
  },
  "minecraft:adventure/sleep_in_bed": {
    "criteria": {
      "slept_in_bed": "2024-08-10 02:34:14 +0000"
    },
    "done": true
  },
  "biomesoplenty:biomesoplenty/root": {
    "criteria": {
      "field": "2024-08-10 02:36:46 +0000"
    },
    "done": true
  },
  "biomesoplenty:biomesoplenty/all_biomes": {
    "criteria": {
      "shrubland": "2024-08-10 02:38:25 +0000",
      "rocky_shrubland": "2024-08-10 03:47:04 +0000",
      "clover_patch": "2024-08-10 04:34:24 +0000",
      "field": "2024-08-10 02:36:46 +0000",
      "orchard": "2024-08-10 04:32:27 +0000",
      "lavender_forest": "2024-08-10 03:53:37 +0000",
      "coniferous_forest": "2024-08-10 02:37:24 +0000",
      "redwood_forest": "2024-08-10 04:31:29 +0000",
      "dune_beach": "2024-08-10 04:35:53 +0000",
      "seasonal_forest": "2024-08-10 04:31:20 +0000",
      "lavender_field": "2024-08-10 03:53:50 +0000",
      "fir_clearing": "2024-08-10 02:47:08 +0000",
      "grassland": "2024-08-10 04:32:55 +0000"
    },
    "done": false
  },
  "simplefarming:root": {
    "criteria": {
      "pickup_seed": "2024-08-10 02:40:38 +0000"
    },
    "done": true
  },
  "minecraft:story/upgrade_tools": {
    "criteria": {
      "stone_pickaxe": "2024-08-10 02:58:27 +0000"
    },
    "done": true
  },
  "spelunkery:recipes/coal": {
    "criteria": {
      "has_item": "2024-08-10 03:00:10 +0000"
    },
    "done": true
  },
  "tombstone:adventure/first_grave": {
    "criteria": {
      "coded_trigger": "2024-08-10 03:00:40 +0000"
    },
    "done": true
  },
  "tombstone:recipes/from_grave_key": {
    "criteria": {
      "has_ingredient": "2024-08-10 03:00:42 +0000"
    },
    "done": true
  },
  "spelunkery:recipes/raw_iron": {
    "criteria": {
      "has_item": "2024-08-10 03:02:27 +0000"
    },
    "done": true
  },
  "regions_unexplored:regions_explored": {
    "criteria": {
      "silver_birch_forest": "2024-08-10 03:09:35 +0000",
      "shrubland": "2024-08-10 03:54:02 +0000",
      "muddy_river": "2024-08-10 03:11:07 +0000",
      "autumnal_maple_forest": "2024-08-10 03:38:39 +0000",
      "maple_forest": "2024-08-10 03:09:42 +0000",
      "boreal_forest": "2024-08-10 03:12:01 +0000",
      "temperate_grove": "2024-08-10 03:57:05 +0000",
      "cold_river": "2024-08-10 03:09:26 +0000",
      "gravel_beach": "2024-08-10 05:09:32 +0000",
      "golden_boreal_taiga": "2024-08-10 05:25:13 +0000"
    },
    "done": false
  },
  "regions_unexplored:pioneer": {
    "criteria": {
      "silver_birch_forest": "2024-08-10 03:09:35 +0000",
      "shrubland": "2024-08-10 03:54:02 +0000",
      "muddy_river": "2024-08-10 03:11:07 +0000",
      "autumnal_maple_forest": "2024-08-10 03:38:39 +0000",
      "maple_forest": "2024-08-10 03:09:42 +0000",
      "boreal_forest": "2024-08-10 03:12:01 +0000",
      "temperate_grove": "2024-08-10 03:57:05 +0000",
      "cold_river": "2024-08-10 03:09:26 +0000",
      "gravel_beach": "2024-08-10 05:09:32 +0000",
      "golden_boreal_taiga": "2024-08-10 05:25:13 +0000"
    },
    "done": false
  },
  "minecraft:adventure/kill_all_mobs": {
    "criteria": {
      "minecraft:zombie": "2024-08-10 03:10:10 +0000"
    },
    "done": false
  },
  "minecraft:adventure/kill_a_mob": {
    "criteria": {
      "minecraft:zombie": "2024-08-10 03:10:10 +0000"
    },
    "done": true
  },
  "tombstone:adventure/create_familiar_receptacle": {
    "criteria": {
      "has_familiar_receptacle": "2024-08-10 03:10:18 +0000"
    },
    "done": true
  },
  "tombstone:adventure/first_knowledge": {
    "criteria": {
      "coded_trigger": "2024-08-10 03:10:18 +0000"
    },
    "done": true
  },
  "mores:craft_horse_armor": {
    "criteria": {
      "craft_horse_armor": "2024-08-10 03:10:22 +0000"
    },
    "done": true
  },
  "mores:craft_all_horse_armors": {
    "criteria": {
      "craft_steel_horse_armor": "2024-08-10 03:10:22 +0000"
    },
    "done": false
  },
  "spelunkery:recipes/gunpowder": {
    "criteria": {
      "has_item": "2024-08-10 03:10:31 +0000"
    },
    "done": true
  },
  "minecraft:story/smelt_iron": {
    "criteria": {
      "iron": "2024-08-10 03:10:36 +0000"
    },
    "done": true
  },
  "mores:acquire_hardware": {
    "criteria": {
      "iron": "2024-08-10 03:10:36 +0000"
    },
    "done": true
  },
  "spelunkery:recipes/emerald": {
    "criteria": {
      "has_item": "2024-08-10 03:13:05 +0000"
    },
    "done": true
  },
  "mores:obtain_emerald": {
    "criteria": {
      "obtain_topaz_gem": "2024-08-10 03:13:05 +0000"
    },
    "done": true
  },
  "mores:eat_bronze_apple": {
    "criteria": {
      "requirement": "2024-08-10 03:13:23 +0000"
    },
    "done": true
  },
  "spelunkery:recipes/coal_ores": {
    "criteria": {
      "has_item": "2024-08-10 03:15:35 +0000"
    },
    "done": true
  },
  "spelunkery:spelunkery/every_ore": {
    "criteria": {
      "coal_ore": "2024-08-10 03:15:35 +0000"
    },
    "done": false
  },
  "spartanweaponry:heavy_crossbow": {
    "criteria": {
      "has_heavy_crossbow": "2024-08-10 03:16:41 +0000"
    },
    "done": true
  },
  "simplefarming:berries": {
    "criteria": {
      "raspberries": "2024-08-10 03:21:01 +0000"
    },
    "done": false
  },
  "repurposed_structures:temples": {
    "criteria": {
      "in_temple_taiga": "2024-08-10 03:24:07 +0000"
    },
    "done": false
  },
  "iter_rpg:adv_etherbloom": {
    "criteria": {
      "adv_etherbloom_0": "2024-08-10 03:37:24 +0000"
    },
    "done": true
  },
  "farmersdelight:main/get_ham": {
    "criteria": {
      "ham": "2024-08-10 03:42:49 +0000"
    },
    "done": true
  },
  "croptopia:knife": {
    "criteria": {
      "knife": "2024-08-10 03:42:50 +0000"
    },
    "done": true
  },
  "farmersdelight:main/craft_knife": {
    "criteria": {
      "iron_knife": "2024-08-10 03:42:50 +0000"
    },
    "done": true
  },
  "minecraft:story/obtain_armor": {
    "criteria": {
      "iron_chestplate": "2024-08-10 03:47:27 +0000"
    },
    "done": true
  },
  "repurposed_structures:ruins": {
    "criteria": {
      "in_ruins_land_cold": "2024-08-10 03:49:35 +0000"
    },
    "done": false
  },
  "mores:craft_full_ruby_gear": {
    "criteria": {
      "craft_ruby_leggings": "2024-08-10 03:51:07 +0000"
    },
    "done": false
  },
  "alexsmobs:alexsmobs/seagull_steal": {
    "criteria": {
      "ex": "2024-08-10 04:36:37 +0000"
    },
    "done": true
  },
  "croptopia:gather_food": {
    "criteria": {
      "calamari": "2024-08-10 05:07:33 +0000"
    },
    "done": false
  },
  "minecraft:story/iron_tools": {
    "criteria": {
      "iron_pickaxe": "2024-08-10 05:19:44 +0000"
    },
    "done": true
  },
  "spelunkery:recipes/glow_ink_sac": {
    "criteria": {
      "has_item": "2024-08-10 05:07:33 +0000"
    },
    "done": true
  },
  "repurposed_structures:city_overworld": {
    "criteria": {
      "city_overworld": "2024-08-10 05:12:52 +0000"
    },
    "done": true
  },
  "spelunkery:recipes/diamond": {
    "criteria": {
      "has_item": "2024-08-10 05:27:15 +0000"
    },
    "done": true
  },
  "minecraft:story/mine_diamond": {
    "criteria": {
      "diamond": "2024-08-10 05:27:15 +0000"
    },
    "done": true
  },
  "DataVersion": 3465
}