{
  "iceandfire:iceandfire/root": {
    "criteria": {
      "tick": "2024-08-10 02:12:36 +0000"
    },
    "done": true
  },
  "mcwfences:recipes/stone": {
    "criteria": {
      "has_stone": "2024-08-10 02:12:36 +0000"
    },
    "done": true
  },
  "crystalcraft_unlimited_java:recipe_unlock": {
    "criteria": {
      "recipe_unlock_0": "2024-08-10 02:12:36 +0000"
    },
    "done": true
  },
  "mcwfences:recipes/end": {
    "criteria": {
      "has_end_brick": "2024-08-10 02:12:36 +0000"
    },
    "done": true
  },
  "mcwfences:recipes/bamboo": {
    "criteria": {
      "has_bamboo": "2024-08-10 02:12:36 +0000"
    },
    "done": true
  },
  "mcwfences:recipes/deepslate": {
    "criteria": {
      "has_deepslate": "2024-08-10 02:12:36 +0000"
    },
    "done": true
  },
  "mcwfences:recipes/dark_oak": {
    "criteria": {
      "has_dark_oak": "2024-08-10 02:12:36 +0000"
    },
    "done": true
  },
  "butcher:firstjoinadvancement": {
    "criteria": {
      "firstjoinadvancement_0": "2024-08-10 02:12:36 +0000"
    },
    "done": true
  },
  "mcwfences:recipes/spruce": {
    "criteria": {
      "has_spruce": "2024-08-10 02:12:36 +0000"
    },
    "done": true
  },
  "mcwfences:recipes/crimson": {
    "criteria": {
      "has_crimson": "2024-08-10 02:12:36 +0000"
    },
    "done": true
  },
  "mcwfences:recipes/prismarine": {
    "criteria": {
      "has_qq": "2024-08-10 02:12:36 +0000"
    },
    "done": true
  },
  "farmersdelight:main/root": {
    "criteria": {
      "seeds": "2024-08-10 02:12:36 +0000"
    },
    "done": true
  },
  "mcwfences:recipes/quartz": {
    "criteria": {
      "has_qq": "2024-08-10 02:12:36 +0000"
    },
    "done": true
  },
  "create:root": {
    "criteria": {
      "0": "2024-08-10 02:12:36 +0000"
    },
    "done": true
  },
  "naturescompass:natures_compass_log": {
    "criteria": {
      "has_recipe": "2024-08-10 02:12:36 +0000"
    },
    "done": true
  },
  "mcwfences:recipes/sandstone": {
    "criteria": {
      "has_sand": "2024-08-10 02:12:36 +0000"
    },
    "done": true
  },
  "bakery:main/root": {
    "criteria": {
      "seeds": "2024-08-10 02:12:36 +0000"
    },
    "done": true
  },
  "mcwfences:recipes/acacia": {
    "criteria": {
      "has_acacia": "2024-08-10 02:12:36 +0000"
    },
    "done": true
  },
  "repurposed_structures:root": {
    "criteria": {
      "always": "2024-08-10 02:12:36 +0000"
    },
    "done": true
  },
  "naturescompass:natures_compass": {
    "criteria": {
      "has_recipe": "2024-08-10 02:12:36 +0000"
    },
    "done": true
  },
  "mcwfences:recipes/jungle": {
    "criteria": {
      "has_jungle": "2024-08-10 02:12:36 +0000"
    },
    "done": true
  },
  "mcwfences:recipes/oak": {
    "criteria": {
      "has_oak": "2024-08-10 02:12:36 +0000"
    },
    "done": true
  },
  "iter_rpg:iter_root": {
    "criteria": {
      "iter_root_0": "2024-08-10 02:12:36 +0000"
    },
    "done": true
  },
  "naturescompass:natures_compass_sapling": {
    "criteria": {
      "has_recipe": "2024-08-10 02:12:36 +0000"
    },
    "done": true
  },
  "travelersbackpack:standard_from_custom": {
    "criteria": {
      "has_the_recipe": "2024-08-10 02:12:36 +0000"
    },
    "done": true
  },
  "mcwfences:recipes/mud_brick": {
    "criteria": {
      "has_qq": "2024-08-10 02:12:36 +0000"
    },
    "done": true
  },
  "mcwfences:recipes/mangrove": {
    "criteria": {
      "has_mangrove": "2024-08-10 02:12:36 +0000"
    },
    "done": true
  },
  "mcwfences:recipes/warped": {
    "criteria": {
      "has_warped": "2024-08-10 02:12:36 +0000"
    },
    "done": true
  },
  "mowziesmobs:root": {
    "criteria": {
      "custom_test_name": "2024-08-10 02:12:36 +0000"
    },
    "done": true
  },
  "mcwfences:recipes/blackstone": {
    "criteria": {
      "has_blackstone": "2024-08-10 02:12:36 +0000"
    },
    "done": true
  },
  "mcwfences:recipes/hedge": {
    "criteria": {
      "has_birch": "2024-08-10 02:12:36 +0000"
    },
    "done": true
  },
  "mcwfences:recipes/nether": {
    "criteria": {
      "has_nether_brick": "2024-08-10 02:12:36 +0000"
    },
    "done": true
  },
  "born_in_chaos_v1:bornin_chaos": {
    "criteria": {
      "bornin_chaos_0": "2024-08-10 02:12:36 +0000"
    },
    "done": true
  },
  "mcwfences:recipes/birch": {
    "criteria": {
      "has_birch": "2024-08-10 02:12:36 +0000"
    },
    "done": true
  },
  "minecraft:adventure/adventuring_time": {
    "criteria": {
      "minecraft:taiga": "2024-08-10 02:26:32 +0000",
      "minecraft:beach": "2024-08-10 02:40:23 +0000",
      "minecraft:river": "2024-08-10 02:15:30 +0000",
      "minecraft:forest": "2024-08-10 02:12:37 +0000",
      "autumnity:autumnity:maple_forest": "2024-08-10 02:37:07 +0000",
      "minecraft:flower_forest": "2024-08-10 02:40:17 +0000",
      "minecraft:plains": "2024-08-10 02:15:31 +0000",
      "autumnity:autumnity:pumpkin_fields": "2024-08-10 03:10:14 +0000"
    },
    "done": false
  },
  "tombstone:adventure/root": {
    "criteria": {
      "auto": "2024-08-10 02:12:37 +0000"
    },
    "done": true
  },
  "regions_unexplored:parent": {
    "criteria": {
      "load_in_world": "2024-08-10 02:12:37 +0000"
    },
    "done": true
  },
  "spelunkery:recipes/stick": {
    "criteria": {
      "has_item": "2024-08-10 02:14:55 +0000"
    },
    "done": true
  },
  "simplefarming:root": {
    "criteria": {
      "pickup_seed": "2024-08-10 02:15:37 +0000"
    },
    "done": true
  },
  "tombstone:adventure/first_grave": {
    "criteria": {
      "coded_trigger": "2024-08-10 02:21:27 +0000"
    },
    "done": true
  },
  "tombstone:recipes/from_grave_key": {
    "criteria": {
      "has_ingredient": "2024-08-10 02:24:28 +0000"
    },
    "done": true
  },
  "minecraft:story/mine_stone": {
    "criteria": {
      "get_stone": "2024-08-10 02:26:35 +0000"
    },
    "done": true
  },
  "minecraft:story/upgrade_tools": {
    "criteria": {
      "stone_pickaxe": "2024-08-10 02:27:17 +0000"
    },
    "done": true
  },
  "minecraft:adventure/sleep_in_bed": {
    "criteria": {
      "slept_in_bed": "2024-08-10 02:34:18 +0000"
    },
    "done": true
  },
  "minecraft:adventure/root": {
    "criteria": {
      "killed_something": "2024-08-10 02:34:42 +0000"
    },
    "done": true
  },
  "minecraft:husbandry/balanced_diet": {
    "criteria": {
      "bread": "2024-08-10 03:53:13 +0000",
      "cooked_porkchop": "2024-08-10 03:53:05 +0000",
      "cooked_beef": "2024-08-10 02:42:07 +0000",
      "mushroom_stew": "2024-08-10 03:12:42 +0000",
      "cooked_mutton": "2024-08-10 02:34:51 +0000"
    },
    "done": false
  },
  "minecraft:husbandry/root": {
    "criteria": {
      "consumed_item": "2024-08-10 02:34:51 +0000"
    },
    "done": true
  },
  "enemyexpansion:wasp_drone_summon": {
    "criteria": {
      "wasp_drone_summon_0": "2024-08-10 02:35:30 +0000"
    },
    "done": true
  },
  "biomesoplenty:biomesoplenty/root": {
    "criteria": {
      "field": "2024-08-10 02:36:51 +0000"
    },
    "done": true
  },
  "biomesoplenty:biomesoplenty/all_biomes": {
    "criteria": {
      "shrubland": "2024-08-10 02:38:36 +0000",
      "field": "2024-08-10 02:36:51 +0000",
      "coniferous_forest": "2024-08-10 02:37:29 +0000",
      "fir_clearing": "2024-08-10 02:52:53 +0000"
    },
    "done": false
  },
  "spelunkery:recipes/coal": {
    "criteria": {
      "has_item": "2024-08-10 02:37:56 +0000"
    },
    "done": true
  },
  "tombstone:adventure/cancel_ghostly_shape": {
    "criteria": {
      "coded_trigger": "2024-08-10 02:39:55 +0000"
    },
    "done": true
  },
  "tombstone:recipes/from_grave_dust": {
    "criteria": {
      "has_ingredient": "2024-08-10 02:40:16 +0000"
    },
    "done": true
  },
  "spelunkery:recipes/raw_iron": {
    "criteria": {
      "has_item": "2024-08-10 02:53:16 +0000"
    },
    "done": true
  },
  "mores:obtain_silver_ore": {
    "criteria": {
      "obtain_silver_ore": "2024-08-10 02:53:22 +0000"
    },
    "done": true
  },
  "minecraft:adventure/kill_all_mobs": {
    "criteria": {
      "minecraft:skeleton": "2024-08-10 02:57:50 +0000",
      "minecraft:spider": "2024-08-10 02:59:11 +0000",
      "minecraft:zombie": "2024-08-10 03:02:33 +0000"
    },
    "done": false
  },
  "minecraft:adventure/kill_a_mob": {
    "criteria": {
      "minecraft:skeleton": "2024-08-10 02:57:50 +0000"
    },
    "done": true
  },
  "mores:root": {
    "criteria": {
      "crafting_table": "2024-08-10 02:58:30 +0000"
    },
    "done": true
  },
  "minecraft:story/root": {
    "criteria": {
      "crafting_table": "2024-08-10 02:58:30 +0000"
    },
    "done": true
  },
  "spelunkery:spelunkery/rough_gem": {
    "criteria": {
      "item": "2024-08-10 02:59:16 +0000"
    },
    "done": true
  },
  "spelunkery:recipes/rough_lazurite": {
    "criteria": {
      "has_item": "2024-08-10 02:59:16 +0000"
    },
    "done": true
  },
  "spelunkery:recipes/raw_copper": {
    "criteria": {
      "has_item": "2024-08-10 03:01:25 +0000"
    },
    "done": true
  },
  "simplefarming:berries": {
    "criteria": {
      "blueberries": "2024-08-10 03:07:41 +0000"
    },
    "done": false
  },
  "enemyexpansion:troll_petrified": {
    "criteria": {
      "troll_petrified_0": "2024-08-10 03:07:51 +0000"
    },
    "done": true
  },
  "regions_unexplored:regions_explored": {
    "criteria": {
      "autumnal_maple_forest": "2024-08-10 03:10:24 +0000",
      "boreal_forest": "2024-08-10 03:16:19 +0000",
      "cold_river": "2024-08-10 03:10:27 +0000"
    },
    "done": false
  },
  "regions_unexplored:pioneer": {
    "criteria": {
      "autumnal_maple_forest": "2024-08-10 03:10:24 +0000",
      "boreal_forest": "2024-08-10 03:16:19 +0000",
      "cold_river": "2024-08-10 03:10:27 +0000"
    },
    "done": false
  },
  "farmersdelight:main/eat_comfort_food": {
    "criteria": {
      "comfort": "2024-08-10 03:12:42 +0000"
    },
    "done": true
  },
  "minecraft:story/smelt_iron": {
    "criteria": {
      "iron": "2024-08-10 03:13:21 +0000"
    },
    "done": true
  },
  "mores:acquire_hardware": {
    "criteria": {
      "iron": "2024-08-10 03:13:21 +0000"
    },
    "done": true
  },
  "spartanweaponry:longbow": {
    "criteria": {
      "has_longbow": "2024-08-10 03:16:58 +0000"
    },
    "done": true
  },
  "minecraft:story/iron_tools": {
    "criteria": {
      "iron_pickaxe": "2024-08-10 03:32:02 +0000"
    },
    "done": true
  },
  "DataVersion": 3465
}